-- phpMyAdmin SQL Dump
-- version 4.5.4.1
-- http://www.phpmyadmin.net
--
-- Host: localhost
-- Generation Time: Jan 19, 2017 at 06:57 AM
-- Server version: 5.7.11
-- PHP Version: 5.6.18

SET SQL_MODE = "NO_AUTO_VALUE_ON_ZERO";
SET time_zone = "+00:00";


/*!40101 SET @OLD_CHARACTER_SET_CLIENT=@@CHARACTER_SET_CLIENT */;
/*!40101 SET @OLD_CHARACTER_SET_RESULTS=@@CHARACTER_SET_RESULTS */;
/*!40101 SET @OLD_COLLATION_CONNECTION=@@COLLATION_CONNECTION */;
/*!40101 SET NAMES utf8mb4 */;

--
-- Database: `stafeta`
--

-- --------------------------------------------------------

--
-- Table structure for table `categories`
--

CREATE TABLE `categories` (
  `category_id` mediumint(8) UNSIGNED NOT NULL,
  `category_name` varchar(255) DEFAULT NULL,
  `position` smallint(2) UNSIGNED DEFAULT '0'
) ENGINE=InnoDB DEFAULT CHARSET=latin1;

--
-- Dumping data for table `categories`
--

INSERT INTO `categories` (`category_id`, `category_name`, `position`) VALUES
(1, 'Family', 60),
(2, 'Juniori', 30),
(3, 'Elite', 10),
(4, 'Open', 20),
(5, 'Veterani', 50),
(6, 'Feminin', 40);

-- --------------------------------------------------------

--
-- Table structure for table `category_challenges`
--

CREATE TABLE `category_challenges` (
  `category_challenge_id` mediumint(8) UNSIGNED NOT NULL,
  `category_id` mediumint(8) UNSIGNED NOT NULL,
  `challenge_id` mediumint(8) UNSIGNED NOT NULL
) ENGINE=InnoDB DEFAULT CHARSET=latin1;

--
-- Dumping data for table `category_challenges`
--

INSERT INTO `category_challenges` (`category_challenge_id`, `category_id`, `challenge_id`) VALUES
(1, 6, 1),
(2, 5, 1),
(3, 2, 1),
(4, 4, 1),
(5, 3, 1),
(6, 1, 1);

-- --------------------------------------------------------

--
-- Table structure for table `challenges`
--

CREATE TABLE `challenges` (
  `challenge_id` mediumint(8) UNSIGNED NOT NULL,
  `challenge_name` varchar(255) DEFAULT NULL
) ENGINE=InnoDB DEFAULT CHARSET=latin1;

--
-- Dumping data for table `challenges`
--

INSERT INTO `challenges` (`challenge_id`, `challenge_name`) VALUES
(1, 'Raid montan'),
(2, 'Orientare'),
(3, 'Cunostinte turistice'),
(4, 'Cultural');

-- --------------------------------------------------------

--
-- Table structure for table `challenge_stations`
--

CREATE TABLE `challenge_stations` (
  `station_id` mediumint(8) UNSIGNED NOT NULL,
  `category_challenge_id` mediumint(8) UNSIGNED DEFAULT NULL,
  `station_type` tinyint(2) UNSIGNED DEFAULT NULL COMMENT '0 = START, 1 = PA, 2 = PFA, 3 = FINISH',
  `maximum_time` mediumint(8) DEFAULT NULL,
  `score` mediumint(8) DEFAULT NULL
) ENGINE=InnoDB DEFAULT CHARSET=latin1;

--
-- Dumping data for table `challenge_stations`
--

INSERT INTO `challenge_stations` (`station_id`, `category_challenge_id`, `station_type`, `maximum_time`, `score`) VALUES
(1, 1, 0, NULL, NULL),
(2, 1, 1, 115, NULL),
(3, 1, 1, 135, NULL),
(4, 1, 1, 45, NULL),
(7, 1, 3, 85, NULL),
(8, 1, 2, NULL, 100),
(9, 1, 2, NULL, 300),
(10, 1, 2, NULL, 100),
(11, 1, 2, NULL, 100),
(12, 1, 2, NULL, 100),
(13, 1, 2, NULL, 300),
(18, 2, 0, NULL, NULL),
(19, 2, 1, 120, NULL),
(20, 2, 1, 140, NULL),
(21, 2, 1, 50, NULL),
(24, 2, 2, NULL, 100),
(25, 2, 2, NULL, 300),
(26, 2, 2, NULL, 100),
(27, 2, 2, NULL, 100),
(28, 2, 2, NULL, 100),
(29, 2, 2, NULL, 300),
(34, 2, 3, 90, NULL),
(35, 3, 0, NULL, NULL),
(36, 3, 1, 120, NULL),
(37, 3, 1, 140, NULL),
(38, 3, 1, 50, NULL),
(41, 3, 2, NULL, 100),
(42, 3, 2, NULL, 300),
(43, 3, 2, NULL, 100),
(44, 3, 2, NULL, 100),
(45, 3, 2, NULL, 100),
(46, 3, 2, NULL, 300),
(51, 3, 3, 90, NULL),
(52, 4, 0, NULL, NULL),
(53, 4, 1, 130, NULL),
(54, 4, 1, 150, NULL),
(55, 4, 1, 60, NULL),
(58, 4, 2, NULL, 100),
(59, 4, 2, NULL, 300),
(60, 4, 2, NULL, 100),
(61, 4, 2, NULL, 100),
(62, 4, 2, NULL, 100),
(63, 4, 2, NULL, 300),
(68, 4, 3, 90, NULL),
(69, 5, 0, NULL, NULL),
(70, 5, 1, 90, NULL),
(71, 5, 1, 90, NULL),
(72, 5, 1, 40, NULL),
(75, 5, 2, NULL, 100),
(76, 5, 2, NULL, 300),
(77, 5, 2, NULL, 100),
(78, 5, 2, NULL, 100),
(79, 5, 2, NULL, 100),
(80, 5, 2, NULL, 300),
(87, 5, 3, 50, NULL),
(88, 6, 0, NULL, NULL),
(89, 6, 1, 120, NULL),
(90, 6, 1, 50, NULL),
(99, 6, 3, 135, NULL);

-- --------------------------------------------------------

--
-- Table structure for table `climbing`
--

CREATE TABLE `climbing` (
  `climbing_id` int(8) NOT NULL,
  `team_id` mediumint(8) NOT NULL,
  `name_participant` varchar(255) NOT NULL,
  `missed_nods` mediumint(8) DEFAULT NULL,
  `top` varchar(8) DEFAULT NULL,
  `timp` varchar(255) NOT NULL,
  `abandon` mediumint(8) DEFAULT NULL
) ENGINE=InnoDB DEFAULT CHARSET=utf8;

--
-- Dumping data for table `climbing`
--

INSERT INTO `climbing` (`climbing_id`, `team_id`, `name_participant`, `missed_nods`, `top`, `timp`, `abandon`) VALUES
(1, 157, 'Vilcan Gheorghe', 0, '99', '00:00:25', 0),
(2, 100, 'Muresan Robert', 0, '99', '00:00:31', 0),
(3, 162, 'Besliu George', 0, '99', '00:00:18', 0),
(4, 125, 'Aldea George', 0, '99', '00:00:25', 0),
(5, 188, 'Gusa Iosif', 0, '99', '00:00:32', 0),
(6, 128, 'Ghidoveanu Mihai', 0, '4.5', '00:01:13', 0),
(7, 212, 'Lupu Daniel', 0, '99', '00:00:20', 0),
(8, 101, 'Bizdiga Cristian', 0, '5.5', '00:00:14', 0),
(9, 102, 'Frunza Roxana', 0, '4.5', '00:00:42', 0),
(10, 124, 'Coltun Ionut', 0, '3.5', '00:00:24', 0),
(11, 126, 'Nae Ioana', 0, '99', '00:00:37', 0),
(12, 145, 'Ivan Marinela', 0, '4.5', '00:00:47', 0),
(13, 189, 'Matahon George', 0, '99', '00:00:27', 0),
(14, 155, 'Manea Diana', 0, '4.5', '00:01:11', 0),
(15, 115, 'Cremenitchi Ionut', 0, '99', '00:00:29', 0),
(16, 186, 'Oprea Andreea', 0, '3', '00:00:15', 0),
(17, 158, 'Pablo', 0, '99', '00:01:10', 0),
(18, 209, 'Pintili Radu', 0, '5.5', '00:01:41', 0),
(19, 213, 'Barbu Marius', 0, '99', '00:00:57', 0),
(20, 139, 'Sofronie George', 0, '99', '00:00:23', 0),
(21, 148, 'Gradinariu Florin', 0, '4.5', '00:01:27', 0),
(22, 144, 'Smaranda Iulia', 0, '5.5', '00:01:57', 0),
(23, 147, 'Farcas Rozalia', 0, '5', '00:01:25', 0),
(24, 111, 'Lazar Adrian', 0, '99', '00:00:22', 0),
(25, 112, 'Carp Teona', 0, '99', '00:00:30', 0),
(26, 169, 'Unciuleanu Adrian', 0, '99', '00:00:42', 0),
(27, 160, 'Cristea Claudia', 0, '3.5', '00:00:58', 0),
(28, 108, 'Dascalu Oana', 0, '99', '00:00:29', 0),
(29, 210, 'Iordachi Alexandra', 0, '99', '00:00:35', 0),
(30, 202, 'Vlanou Alexandra', 0, '3.5', '00:00:35', 0),
(31, 170, 'Gheorghe Alina', 0, '5.5', '00:01:04', 0),
(32, 203, 'Cruceanu Alina', 0, '3.5', '00:00:51', 0),
(33, 167, 'Radulescu Maria', 0, '3.5', '00:00:35', 0),
(34, 118, 'Grapa Daniela', 0, '99', '00:00:58', 0),
(35, 119, 'Vlad Biana', 0, '99', '00:01:36', 0),
(36, 129, '-', 0, '', '00:00:00', 1),
(37, 181, '-', 0, '', '00:00:00', 1),
(38, 191, 'Rapa Cristian', 0, '99', '00:00:03', 0),
(39, 192, 'Geldrich Madalina', 0, '99', '00:00:51', 0),
(40, 159, 'Denesan Mihnea', 0, '99', '00:00:30', 0),
(41, 164, 'Pavalascu Andrei', 0, '99', '00:00:18', 0),
(42, 165, 'Bandar Radu', 0, '99', '00:00:36', 0),
(43, 105, 'Neagu Horia', 0, '99', '00:00:53', 0),
(44, 161, 'Cristea Ilinca', 0, '99', '00:00:57', 0),
(45, 99, 'Matei Raluca', 0, '99', '00:01:22', 0),
(46, 113, 'Calistru Tudor', 0, '99', '00:00:59', 0),
(47, 150, 'Stoica Bogdan', 0, '99', '00:00:18', 0),
(48, 132, 'Mladenovici Alessia', 0, '3.5', '00:01:20', 0),
(49, 183, 'Nicolae Teodor', 0, '1.5', '00:00:18', 0),
(50, 116, 'Telisca Mara', 0, '99', '00:00:55', 0),
(51, 114, 'Matei Georgiana', 0, '3', '00:01:29', 0),
(52, 131, 'Mihu Maria', 0, '3.5', '00:00:49', 0),
(53, 130, 'Paraschiv Ioana', 0, '99', '00:00:46', 0),
(54, 143, 'Titiriga Daria', 0, '99', '00:00:33', 0),
(55, 138, 'Nistor David', 0, '99', '00:00:23', 0),
(56, 208, 'Jacota Ioana', 0, '99', '00:00:21', 0),
(57, 207, 'Gheorghe Andrei', 0, '99', '00:00:21', 0),
(58, 153, '-', 0, '', '00:00:00', 1),
(59, 156, '-', 0, '', '00:00:00', 1),
(60, 197, '-', 0, '', '00:00:00', 1),
(61, 200, '-', 0, '', '00:00:00', 1),
(62, 201, '-', 0, '', '00:00:00', 1),
(63, 194, '-', 0, '', '00:00:00', 1),
(64, 195, '-', 0, '', '00:00:00', 1),
(65, 103, '-', 0, '', '00:00:00', 1),
(66, 106, '-', 0, '', '00:00:00', 1),
(67, 184, '-', 0, '', '00:00:00', 1),
(68, 185, '-', 0, '', '00:00:00', 1),
(69, 180, 'Uta Adrian', 0, '99', '00:00:36', 0),
(70, 120, 'Savu Adrian', 0, '99', '00:00:52', 0),
(71, 151, 'Stroe Viorel', 0, '99', '00:00:30', 0),
(72, 204, 'Lungu Ciprian', 0, '99', '00:01:05', 0),
(73, 121, 'Manescu Gheorghe', 0, '6', '00:00:28', 0),
(74, 142, 'Popescu Mihai', 0, '99', '00:00:59', 0),
(75, 141, 'Sofronie Gheorghe', 0, '99', '00:00:49', 0),
(76, 171, '-', 0, '0', '00:00:00', 1),
(77, 109, '-', 0, '0', '00:00:00', 1),
(78, 104, '-', 0, '0', '00:00:00', 1),
(79, 182, 'Tiplea Mihaela', 0, '1.5', '00:00:25', 0),
(80, 154, 'Matcov Madalina', 0, '1', '00:00:05', 0),
(81, 122, 'Tarta Emil Marian', 0, '2.5', '00:00:15', 0),
(82, 123, 'Bolboros Lucian', 0, '99', '00:01:41', 0),
(83, 206, 'Bute Mihai', 0, '2', '00:00:26', 0),
(84, 163, 'Henis Andrei', 0, '99', '00:01:20', 0),
(85, 136, 'Manescu Robert', 0, '99', '00:00:38', 0),
(86, 211, 'Paltineu Iustin', 0, '2', '00:00:07', 0),
(87, 179, 'Gheorghe Andreea', 0, '1', '00:00:02', 0),
(88, 107, 'Rosu Lucian', 0, '99', '00:01:02', 0),
(89, 172, 'Cosovan Ion', 0, '3.5', '00:00:16', 0),
(90, 137, 'Codescu Constantin', 0, '2', '00:00:20', 0),
(91, 214, '-', 0, '', '00:00:00', 1),
(92, 140, '-', 0, '', '00:00:00', 1),
(93, 146, 'Lazar Alexandru', 0, '99', '00:00:42', 0),
(94, 174, '-', 0, '', '00:00:00', 1),
(95, 135, '-', 0, '', '00:00:00', 1),
(96, 168, '-', 0, '', '00:00:00', 1),
(97, 190, '-', 0, '', '00:00:00', 1),
(98, 127, '-', 0, '', '00:00:00', 1),
(99, 205, '-', 0, '', '00:00:00', 1),
(100, 152, '-', 0, '', '00:00:00', 1),
(101, 173, '-', 0, '', '00:00:00', 1),
(102, 216, '-', 0, '', '00:00:00', 1),
(103, 215, '-', 0, '', '00:00:00', 1),
(104, 193, '-', 0, '', '00:00:00', 1),
(105, 199, '-', 0, '', '00:00:00', 1),
(106, 178, '-', 0, '', '00:00:00', 1),
(107, 117, 'Aldea Mihai', 0, '99', '00:00:21', 0),
(108, 198, 'Cruceanu Dragos', 0, '5.5', '00:01:05', 0),
(109, 175, 'Miu Lucian', 0, '99', '00:00:17', 0),
(110, 110, 'Marfa Vlad', 0, '99', '00:00:22', 0),
(111, 196, 'Tucicoveanu Adrian', 0, '5', '00:00:54', 0),
(112, 133, 'Ochisor Dorina', 0, '3', '00:00:18', 0),
(113, 177, 'Banutiu Andrei', 0, '3.5', '00:00:18', 0),
(114, 187, 'Dumitru Gabriel', 0, '99', '00:00:59', 0),
(115, 149, 'Avadanei Petru', 0, '99', '00:00:32', 0),
(116, 166, 'Trandafir Bogdan', 0, '99', '00:00:52', 0),
(117, 134, 'Ristea Luca', 0, '4.5', '00:01:19', 0),
(118, 176, '-', 0, '', '00:00:00', 1);

-- --------------------------------------------------------

--
-- Table structure for table `clubs`
--

CREATE TABLE `clubs` (
  `club_id` mediumint(8) UNSIGNED NOT NULL,
  `club_name` varchar(255) NOT NULL,
  `scor_cultural` mediumint(8) NOT NULL
) ENGINE=InnoDB DEFAULT CHARSET=latin1;

--
-- Dumping data for table `clubs`
--

INSERT INTO `clubs` (`club_id`, `club_name`, `scor_cultural`) VALUES
(32, 'Buila Vanturarita', 10),
(33, 'Arcul Carpatin', 25),
(34, 'Alpin Club Pro-Mont ', 0),
(35, 'Hai pe munte Iasi', 20),
(36, 'Mecanturist Galati', 0),
(37, 'Montan club Floarea Reginei', 10),
(38, 'Zimbrul Carpatin', 0),
(39, 'Marmotele Mahmure', 10),
(40, 'Cocosul de Munte', 10),
(41, 'Cercetasii Romaniei Baden Powell', 0),
(42, 'Soimii Dunareni', 10),
(43, 'Clubul Alpin Temerarii', 0),
(44, 'Pro-Parang Petrosani', 0),
(45, 'Testoasa Umblareata', 0),
(46, 'Vic-Thor', 0),
(47, 'Jnepenii', 0),
(48, 'Proilavia Braila', 0),
(49, 'CSM Codlea', 0),
(50, 'Alpin club Carpatic Bucuresti', 0),
(51, 'CTME Nordic Grup Sibiu', 30),
(52, 'ASTMEE Sageata Muntilor Talmaciu', 0),
(53, 'The devil made me do it', 0),
(54, 'Ia si Urca', 0),
(55, 'Testoasele', 0),
(56, 'Hai-Hui', 0),
(57, 'Via - Retezat', 0),
(58, 'Patriots', 0);

-- --------------------------------------------------------

--
-- Table structure for table `cultural`
--

CREATE TABLE `cultural` (
  `cultural_id` int(8) NOT NULL,
  `club_id` mediumint(8) NOT NULL,
  `score` mediumint(8) NOT NULL
) ENGINE=InnoDB DEFAULT CHARSET=utf8;

-- --------------------------------------------------------

--
-- Table structure for table `knowledge`
--

CREATE TABLE `knowledge` (
  `knowledge_id` int(8) NOT NULL,
  `team_id` mediumint(8) NOT NULL,
  `answers` mediumint(8) NOT NULL,
  `time` varchar(255) NOT NULL,
  `scor` mediumint(8) NOT NULL,
  `abandon` mediumint(8) NOT NULL,
  `wrongquestions` mediumtext
) ENGINE=InnoDB DEFAULT CHARSET=utf8;

--
-- Dumping data for table `knowledge`
--

INSERT INTO `knowledge` (`knowledge_id`, `team_id`, `answers`, `time`, `scor`, `abandon`, `wrongquestions`) VALUES
(99, 135, 4, '00:01:32', 220, 0, '2, 9, 10, 15'),
(100, 214, 9, '00:02:47', 120, 0, '1, 2, 4, 5, 6, 7, 9, 10, 12'),
(101, 115, 1, '00:01:56', 280, 0, '6'),
(102, 189, 4, '00:01:20', 220, 0, '6, 7, 8, 14'),
(103, 173, 0, '00:02:16', 300, 0, ''),
(104, 152, 5, '00:02:02', 200, 0, '5, 7, 8, 10, 12'),
(105, 127, 2, '00:02:06', 260, 0, '1, 5'),
(106, 209, 10, '00:04:26', 100, 0, '2, 3, 4, 5, 6, 7, 8, 9, 12, 14'),
(107, 125, 3, '00:01:32', 240, 0, '4, 7, 10'),
(108, 124, 4, '00:01:34', 220, 0, '6, 8, 9, 12'),
(109, 100, 4, '00:00:55', 220, 0, '1, 2, 5, 11'),
(110, 168, 5, '00:02:29', 200, 0, '4, 6, 7, 11, 12'),
(111, 157, 8, '00:01:54', 140, 0, '4, 6, 7, 8, 10, 11, 14, 15'),
(112, 101, 1, '00:02:51', 280, 0, '11'),
(113, 162, 0, '00:01:19', 300, 0, ''),
(114, 102, 9, '00:01:51', 120, 0, '1, 4, 6, 9, 11, 12, 13, 14, 15'),
(115, 145, 3, '00:02:11', 240, 0, '5, 9, 15'),
(116, 126, 1, '00:02:19', 280, 0, '3'),
(117, 188, 9, '00:02:13', 120, 0, '1, 2, 4, 5, 6, 7, 8, 10, 15'),
(118, 147, 1, '00:02:06', 280, 0, '6'),
(119, 158, 6, '00:02:11', 180, 0, '1, 3, 4, 5, 8, 9'),
(120, 146, 5, '00:02:00', 200, 0, '2, 7, 11, 12, 14'),
(121, 212, 3, '00:03:24', 240, 0, '5, 6, 7'),
(122, 216, 3, '00:02:32', 240, 0, '5, 9, 12'),
(123, 155, 3, '00:01:36', 240, 0, '2, 9, 11'),
(124, 215, 3, '00:01:11', 240, 0, '4, 5, 9'),
(125, 205, 10, '00:02:26', 100, 0, '2, 5, 6, 7, 8, 9, 11, 13, 14, 15'),
(126, 139, 4, '00:01:33', 220, 0, '5, 9, 10, 14'),
(127, 186, 2, '00:01:17', 260, 0, '5, 6'),
(128, 190, 3, '00:01:43', 240, 0, '5, 13, 15'),
(129, 169, 5, '00:01:41', 200, 0, '1, 9, 11, 14, 15'),
(130, 111, 0, '00:01:18', 300, 0, ''),
(131, 193, 6, '00:02:59', 180, 0, '1, 2, 4, 6, 11, 14'),
(132, 213, 3, '00:03:15', 240, 0, '4, 6, 15'),
(133, 174, 5, '00:01:51', 200, 0, '1, 4, 11, 12, 15'),
(134, 112, 1, '00:01:25', 280, 0, '11'),
(135, 128, 3, '00:02:23', 240, 0, '4, 12, 13'),
(136, 148, 4, '00:02:45', 220, 0, '2, 4, 6, 10'),
(137, 199, 4, '00:02:12', 220, 0, '4, 8, 14, 15'),
(138, 140, 8, '00:03:25', 140, 0, '2, 3, 4, 5, 7, 8, 10, 15'),
(139, 144, 6, '00:02:50', 180, 0, '6, 7, 8, 9, 13, 14'),
(140, 178, 0, '00:00:00', 0, 1, ''),
(141, 210, 6, '00:02:26', 180, 0, '1, 2, 4, 5, 7, 12'),
(142, 119, 0, '00:01:38', 300, 0, ''),
(143, 202, 2, '00:02:08', 260, 0, '5, 6'),
(144, 108, 0, '00:01:15', 300, 0, ''),
(145, 167, 5, '00:01:57', 200, 0, '3, 7, 8, 10, 14'),
(146, 170, 0, '00:01:47', 300, 0, ''),
(147, 118, 3, '00:01:47', 240, 0, '6, 7, 12'),
(148, 181, 0, '00:01:14', 300, 0, ''),
(149, 203, 3, '00:01:42', 240, 0, '9, 10, 11'),
(150, 160, 6, '00:02:17', 180, 0, '7, 8, 11, 12, 13, 15'),
(151, 129, 4, '00:01:11', 220, 0, '3, 6, 12, 15'),
(152, 136, 5, '00:01:07', 200, 0, '5, 10, 12, 14, 15'),
(153, 206, 2, '00:02:02', 260, 0, '5, 6'),
(154, 211, 2, '00:02:38', 260, 0, '6, 7'),
(155, 137, 4, '00:02:18', 220, 0, '1, 4, 11, 14'),
(156, 163, 3, '00:01:26', 240, 0, '6, 11, 15'),
(157, 123, 3, '00:01:16', 240, 0, '4, 6, 12'),
(158, 107, 1, '00:01:46', 280, 0, '11'),
(159, 182, 2, '00:01:38', 260, 0, '1, 14'),
(160, 154, 6, '00:01:55', 180, 0, '4, 5, 7, 12, 13, 15'),
(161, 172, 2, '00:02:11', 260, 0, '11, 13'),
(162, 122, 4, '00:01:56', 220, 0, '3, 11, 12, 15'),
(163, 179, 1, '00:02:01', 280, 0, '12'),
(164, 106, 8, '00:03:00', 140, 0, '2, 3, 4, 5, 7, 10, 12, 15'),
(165, 99, 2, '00:02:27', 260, 0, '1, 11'),
(166, 143, 3, '00:01:58', 240, 0, '5, 6, 11'),
(167, 130, 0, '00:01:46', 300, 0, ''),
(168, 164, 7, '00:02:37', 160, 0, '1, 3, 4, 6, 7, 9, 12'),
(169, 184, 5, '00:04:16', 200, 0, '4, 5, 11, 12, 15'),
(170, 105, 3, '00:02:23', 240, 0, '1, 2, 5'),
(171, 201, 5, '00:02:22', 200, 0, '1, 11, 12, 14, 15'),
(172, 192, 9, '00:03:16', 120, 0, '1, 2, 3, 4, 5, 7, 9, 10, 13'),
(173, 159, 0, '00:02:03', 300, 0, ''),
(174, 183, 2, '00:03:15', 260, 0, '5, 6'),
(175, 132, 1, '00:03:05', 280, 0, '11'),
(176, 194, 2, '00:02:38', 260, 0, '1, 9'),
(177, 191, 0, '00:00:00', 0, 1, 'descalificat'),
(178, 165, 3, '00:02:15', 240, 0, '3, 14, 15'),
(179, 131, 1, '00:03:00', 280, 0, '11'),
(180, 161, 6, '00:03:17', 180, 0, '4, 6, 7, 10, 12, 15'),
(181, 116, 0, '00:02:05', 300, 0, ''),
(182, 208, 0, '00:01:43', 300, 0, ''),
(183, 207, 2, '00:01:31', 260, 0, '10, 15'),
(184, 114, 1, '00:01:56', 280, 0, '4'),
(185, 200, 2, '00:02:08', 260, 0, '9, 14'),
(186, 113, 3, '00:02:30', 240, 0, '11, 12, 14'),
(187, 195, 3, '00:02:18', 240, 0, '2, 7, 10'),
(188, 150, 0, '00:01:38', 300, 0, ''),
(189, 138, 4, '00:02:53', 220, 0, '4, 7, 11, 12'),
(190, 197, 2, '00:03:19', 260, 0, '8, 15'),
(191, 185, 5, '00:02:17', 200, 0, '1, 4, 5, 8, 15'),
(192, 103, 0, '00:00:00', 0, 1, ''),
(193, 153, 0, '00:00:00', 0, 1, ''),
(194, 156, 0, '00:00:00', 0, 1, ''),
(195, 196, 7, '00:02:00', 160, 0, '5, 6, 7, 9, 10, 14, 15'),
(196, 149, 1, '00:01:21', 280, 0, '5'),
(197, 110, 3, '00:01:35', 240, 0, '1, 8, 12'),
(198, 166, 5, '00:01:57', 200, 0, '7, 8, 9, 10, 11'),
(199, 198, 0, '00:01:23', 300, 0, ''),
(200, 134, 5, '00:01:57', 200, 0, '1, 2, 4, 14, 15'),
(201, 177, 3, '00:02:02', 240, 0, '5, 12, 15'),
(202, 133, 3, '00:02:15', 240, 0, '1, 5, 10'),
(203, 176, 5, '00:03:16', 200, 0, '3, 4, 6, 7, 9'),
(204, 117, 1, '00:01:59', 280, 0, '12'),
(205, 175, 2, '00:01:29', 260, 0, '14, 15'),
(206, 187, 6, '00:01:41', 180, 0, '2, 3, 4, 5, 6, 14'),
(207, 121, 6, '00:02:59', 180, 0, '2, 4, 5, 6, 7, 13'),
(208, 141, 3, '00:01:36', 240, 0, '1, 5, 13'),
(209, 204, 3, '00:01:49', 240, 0, '5, 12, 14'),
(210, 171, 4, '00:02:20', 220, 0, '6, 7, 12, 14'),
(211, 104, 4, '00:01:36', 220, 0, '2, 7, 11, 15'),
(212, 151, 5, '00:02:47', 200, 0, '5, 11, 12, 14, 15'),
(213, 142, 3, '00:02:06', 240, 0, '3, 4, 6'),
(214, 180, 7, '00:02:06', 160, 0, '1, 3, 6, 7, 8, 9, 12'),
(215, 109, 0, '00:01:56', 300, 0, ''),
(216, 120, 5, '00:02:17', 200, 0, '4, 6, 10, 12, 14');

-- --------------------------------------------------------

--
-- Table structure for table `organizer`
--

CREATE TABLE `organizer` (
  `id_organizer` int(1) NOT NULL,
  `name_trophy` varchar(255) NOT NULL,
  `name_organizer` varchar(255) NOT NULL,
  `phase_trophy` varchar(255) NOT NULL
) ENGINE=InnoDB DEFAULT CHARSET=utf8;

--
-- Dumping data for table `organizer`
--

INSERT INTO `organizer` (`id_organizer`, `name_trophy`, `name_organizer`, `phase_trophy`) VALUES
(1, 'Trofeul Muntilor 2016', 'Asociatia de Turism Gaska Bucuresti', 'Master');

-- --------------------------------------------------------

--
-- Table structure for table `orienteering`
--

CREATE TABLE `orienteering` (
  `orienteering_id` int(8) NOT NULL,
  `team_id` mediumint(8) NOT NULL,
  `name_participant` varchar(255) NOT NULL,
  `start` varchar(255) NOT NULL,
  `finish` varchar(255) NOT NULL,
  `total` varchar(8) NOT NULL,
  `abandon` mediumint(8) NOT NULL,
  `missed_posts` mediumint(8) NOT NULL
) ENGINE=InnoDB DEFAULT CHARSET=utf8;

--
-- Dumping data for table `orienteering`
--

INSERT INTO `orienteering` (`orienteering_id`, `team_id`, `name_participant`, `start`, `finish`, `total`, `abandon`, `missed_posts`) VALUES
(99, 138, 'Nistor David', '00:00:00', '00:06:56', '00:06:56', 0, 0),
(100, 130, 'Paraschiv Ioana', '00:00:00', '00:05:09', '00:05:09', 0, 0),
(101, 113, 'Calistru Tudor', '00:00:00', '00:06:24', '00:06:24', 0, 0),
(102, 191, 'Rapa Cristian', '00:00:00', '00:04:48', '00:04:48', 0, 0),
(103, 208, 'Jacota Ioana', '00:00:00', '00:04:23', '00:04:23', 0, 0),
(104, 150, 'Stroe Milena', '00:00:00', '00:06:09', '00:06:09', 0, 0),
(105, 164, 'Bratulescu Alexandru', '00:00:00', '00:03:56', '00:03:56', 0, 0),
(106, 105, 'Neagu Horia', '00:00:00', '00:09:30', '00:09:30', 0, 0),
(107, 99, 'Matei Ana Raluca', '00:00:00', '00:10:26', '00:10:26', 0, 0),
(108, 161, 'Ilie Maria', '00:00:00', '00:05:25', '00:05:25', 0, 0),
(109, 131, 'Mihu Maria', '00:00:00', '00:08:25', '00:08:25', 0, 0),
(110, 183, 'Nicolae Teodor', '00:00:00', '00:05:01', '00:05:01', 0, 2),
(111, 165, 'Purcel Carlos', '00:00:00', '00:04:03', '00:04:03', 0, 2),
(112, 207, 'Gheorghe Andrei', '00:00:00', '00:04:39', '00:04:39', 0, 2),
(113, 116, 'Telisca Mara', '00:00:00', '00:06:08', '00:06:08', 0, 2),
(114, 197, 'Urna Eugen', '00:00:00', '00:09:00', '00:09:00', 0, 2),
(115, 194, 'Midrigan Alexandru', '00:00:00', '00:10:32', '00:10:32', 0, 2),
(116, 132, 'Mladenovic Alessia', '00:00:00', '00:07:30', '00:07:30', 0, 2),
(117, 201, 'Lazar Cristian Iustin', '00:00:00', '00:06:47', '00:06:47', 0, 2),
(118, 200, 'Antohe Teodor', '00:00:00', '00:07:15', '00:07:15', 0, 2),
(119, 143, 'Titiriga Daria', '00:00:00', '00:08:26', '00:08:26', 0, 3),
(120, 159, 'Denesan Mihnea', '00:00:00', '00:07:04', '00:07:04', 0, 3),
(121, 114, 'Matei Georgiana', '00:00:00', '00:06:24', '00:06:24', 0, 3),
(122, 192, 'Geldrich Madalina', '00:00:00', '00:09:40', '00:09:40', 0, 4),
(123, 103, '-', '00:00:00', '00:00:00', '00:00:00', 1, 0),
(124, 106, '-', '00:00:00', '00:00:00', '00:00:00', 1, 0),
(125, 153, '-', '00:00:00', '00:00:00', '00:00:00', 1, 0),
(126, 156, '-', '00:00:00', '00:00:00', '00:00:00', 1, 0),
(127, 184, '-', '00:00:00', '00:00:00', '00:00:00', 1, 0),
(128, 185, '-', '00:00:00', '00:00:00', '00:00:00', 1, 0),
(129, 195, '-', '00:00:00', '00:00:00', '00:00:00', 1, 0),
(130, 157, 'Vilcan Gheorghe', '00:50:00', '01:01:00', '00:11:00', 0, 0),
(131, 111, 'Telisca Marius', '00:10:00', '00:27:42', '00:17:42', 0, 0),
(132, 162, 'Tabacu Stefan', '00:23:00', '00:37:49', '00:14:49', 0, 0),
(133, 100, 'Matei Vasile', '00:32:00', '00:59:27', '00:27:27', 0, 0),
(134, 125, 'Roman Razvan', '00:37:00', '00:47:23', '00:10:23', 0, 0),
(135, 128, 'Alucai Florin', '01:00:00', '01:09:35', '00:09:35', 0, 0),
(136, 215, 'Tamas Gheorghe', '01:25:00', '01:32:37', '00:07:37', 0, 0),
(137, 101, 'Frunza Roxana', '01:40:00', '01:54:46', '00:14:46', 0, 1),
(138, 147, 'Ghilan Florinel', '01:45:00', '01:59:32', '00:14:32', 0, 0),
(139, 212, 'Cojbuc Cristi', '02:12:00', '02:30:12', '00:18:12', 0, 1),
(140, 148, 'Gradinariu Florin', '02:33:00', '02:42:22', '00:09:22', 0, 0),
(141, 169, 'Unciuleanu Adrian', '02:40:00', '02:54:39', '00:14:39', 0, 2),
(142, 189, 'Matahon George', '02:43:00', '02:52:18', '00:09:18', 0, 0),
(143, 145, 'Ivan Marinela', '03:06:00', '03:18:32', '00:12:32', 0, 0),
(144, 126, 'Nica Alexandru', '02:56:00', '03:10:12', '00:14:12', 0, 0),
(145, 152, 'Duricu Mihnea', '03:03:00', '03:34:16', '00:31:16', 0, 0),
(146, 213, 'Tanasescu Ionut', '03:10:00', '03:30:16', '00:20:16', 0, 0),
(147, 124, 'Ungureanu Cristi', '03:13:00', '03:30:12', '00:17:12', 0, 0),
(148, 115, 'Remenitchi Ionut', '03:16:00', '03:29:32', '00:13:32', 0, 0),
(149, 186, 'Brinzaru Adrian', '03:35:00', '03:45:16', '00:10:16', 0, 0),
(150, 155, 'Neagoe Daniel', '03:43:00', '03:51:54', '00:08:54', 0, 0),
(151, 158, 'Ilisei Daniel', '04:20:00', '04:31:57', '00:11:57', 0, 0),
(152, 139, 'Sofronie George', '04:25:00', '04:36:44', '00:11:44', 0, 0),
(153, 209, 'Pintili Andrei', '05:11:00', '05:26:52', '00:15:52', 0, 0),
(154, 144, 'Vechiu Cristian', '05:08:00', '05:22:25', '00:14:25', 0, 0),
(155, 168, 'Stanescu Catalin', '05:31:00', '05:52:50', '00:21:50', 0, 0),
(156, 146, 'Leu Bogdan', '03:56:00', '04:17:46', '00:21:46', 0, 1),
(157, 188, 'Cozma Marius', '00:43:00', '00:59:24', '00:16:24', 0, 0),
(158, 112, 'Carp Teona', '02:15:00', '02:25:13', '00:10:13', 0, 0),
(159, 117, 'Bobirnac Daniel', '00:54:00', '01:09:32', '00:15:32', 0, 1),
(160, 175, 'Miu Lucian', '01:05:00', '01:33:16', '00:28:16', 0, 0),
(161, 187, 'Mitroi Sebastian', '02:04:00', '02:25:56', '00:21:56', 0, 1),
(162, 110, 'Marfa Vlad', '02:18:00', '02:30:05', '00:12:05', 0, 0),
(163, 177, 'Rachieru Costin', '02:25:00', '02:38:10', '00:13:10', 0, 0),
(164, 133, 'Catincut Mihai', '02:46:00', '03:09:55', '00:23:55', 0, 0),
(165, 196, 'Tucicovenco Adrian', '02:50:00', '03:10:13', '00:20:13', 0, 0),
(166, 166, 'Balanica Robert', '04:31:00', '04:47:32', '00:16:32', 0, 0),
(167, 134, 'Popescu Stefan', '04:35:00', '05:06:03', '00:31:03', 0, 0),
(168, 149, 'Avalanei Petru', '05:05:00', '05:12:48', '00:07:48', 0, 0),
(169, 176, '-', '00:00:00', '00:00:00', '00:00:00', 1, 0),
(170, 198, '-', '00:00:00', '00:00:00', '00:00:00', 1, 0),
(171, 118, 'Bindea Catalina', '00:20:00', '00:47:12', '00:27:12', 0, 0),
(172, 108, 'Dascalu Oana', '00:50:00', '01:06:01', '00:16:01', 0, 0),
(173, 119, 'Stoicescu Oana', '01:15:00', '01:27:08', '00:12:08', 0, 0),
(174, 210, 'Iordachi Alexandra', '02:22:00', '02:32:41', '00:10:41', 0, 0),
(175, 202, 'Popescu Anca', '02:53:00', '03:10:38', '00:17:38', 0, 1),
(176, 170, 'Avram Miruna', '03:00:00', '03:29:58', '00:29:58', 0, 0),
(177, 129, 'Razma Catalina', '03:26:00', '03:36:30', '00:10:30', 0, 0),
(178, 203, 'Lupu Maria', '04:17:00', '04:32:51', '00:15:51', 0, 0),
(179, 167, 'Atanasiu Andreea', '04:28:00', '04:56:43', '00:28:43', 0, 3),
(180, 160, '-', '00:00:00', '00:00:00', '00:00:00', 1, 0),
(181, 181, '-', '00:00:00', '00:00:00', '00:00:00', 1, 0),
(182, 120, 'Dimitrescu Andrei', '01:20:00', '01:28:55', '00:08:55', 0, 0),
(183, 109, 'Chelaru Lucian', '01:30:00', '01:40:26', '00:10:26', 0, 0),
(184, 180, 'Bunea Constantin', '01:35:00', '01:49:17', '00:14:17', 0, 0),
(185, 151, 'Stroe Viorel', '01:54:00', '02:07:35', '00:13:35', 0, 0),
(186, 204, 'Petruca Dumitru', '02:00:00', '02:13:54', '00:13:54', 0, 0),
(187, 142, 'Popescu Mihai', '02:36:00', '02:48:37', '00:12:37', 0, 0),
(188, 121, 'Terebesi Sorin', '03:20:00', '03:34:17', '00:14:17', 0, 0),
(189, 104, 'Leuca Gheorghe', '03:23:00', '04:02:57', '00:39:57', 0, 1),
(190, 141, 'Sofronie Gheorghe', '03:40:00', '03:52:43', '00:12:43', 0, 0),
(191, 171, '-', '00:00:00', '00:00:00', '00:00:00', 1, 0),
(192, 107, 'Riciu Stefan', '00:00:00', '00:14:39', '00:14:39', 0, 0),
(193, 122, 'Serban Calin', '00:05:00', '00:11:48', '00:06:48', 0, 0),
(194, 211, 'Bostan Adrian', '00:15:00', '00:26:01', '00:11:01', 0, 0),
(195, 182, 'Stanciu Alexandru', '00:40:00', '00:58:53', '00:18:53', 0, 0),
(196, 123, 'Zsolt Miholcea', '00:00:00', '00:11:15', '00:11:15', 0, 0),
(197, 163, 'Suhani Marinela', '00:32:00', '00:49:13', '00:17:13', 0, 0),
(198, 154, 'Ciobanu Razvan', '00:37:00', '00:44:27', '00:07:27', 0, 0),
(199, 206, 'Bute Mihail', '00:00:00', '00:15:48', '00:15:48', 0, 0),
(200, 136, 'Manescu Robert', '00:12:00', '00:26:22', '00:14:22', 0, 0),
(201, 179, 'Codrea Ionut', '01:10:00', '01:18:21', '00:08:21', 0, 0),
(202, 137, 'Codescu Cristian', '02:08:00', '02:14:32', '00:06:32', 0, 0),
(203, 172, 'Cosovan Ion', '02:30:00', '02:40:45', '00:10:45', 0, 0);

-- --------------------------------------------------------

--
-- Table structure for table `participations`
--

CREATE TABLE `participations` (
  `participation_id` mediumint(8) UNSIGNED NOT NULL,
  `team_id` mediumint(8) UNSIGNED NOT NULL,
  `category_challenge_id` mediumint(8) UNSIGNED NOT NULL,
  `score` int(12) DEFAULT NULL,
  `notes` text,
  `missing_equipment_items` tinyint(2) UNSIGNED DEFAULT '0',
  `missing_footwear` tinyint(1) UNSIGNED DEFAULT '0',
  `abandonment` tinyint(1) UNSIGNED DEFAULT '0',
  `minimum_distance_penalty` tinyint(1) UNSIGNED DEFAULT '0'
) ENGINE=InnoDB DEFAULT CHARSET=latin1;

--
-- Dumping data for table `participations`
--

INSERT INTO `participations` (`participation_id`, `team_id`, `category_challenge_id`, `score`, `notes`, `missing_equipment_items`, `missing_footwear`, `abandonment`, `minimum_distance_penalty`) VALUES
(99, 106, 6, NULL, NULL, 0, 0, 0, 0),
(100, 99, 6, NULL, NULL, 0, 0, 0, 0),
(101, 161, 6, NULL, NULL, 0, 0, 0, 0),
(102, 195, 6, NULL, NULL, 0, 0, 0, 0),
(103, 197, 6, NULL, NULL, 0, 0, 0, 0),
(104, 201, 6, NULL, NULL, 0, 0, 0, 0),
(105, 194, 6, NULL, NULL, 0, 0, 0, 0),
(106, 132, 6, NULL, NULL, 0, 0, 0, 0),
(107, 200, 6, NULL, NULL, 0, 0, 0, 0),
(108, 116, 6, NULL, NULL, 0, 0, 0, 0),
(109, 159, 6, NULL, NULL, 0, 0, 0, 0),
(110, 130, 6, NULL, NULL, 0, 0, 0, 0),
(111, 114, 6, NULL, NULL, 0, 0, 0, 0),
(112, 105, 6, NULL, NULL, 0, 0, 0, 0),
(113, 113, 6, NULL, NULL, 0, 0, 0, 0),
(114, 143, 6, NULL, NULL, 0, 0, 0, 0),
(115, 131, 6, NULL, NULL, 0, 0, 0, 0),
(116, 192, 6, NULL, NULL, 0, 0, 1, 0),
(117, 208, 6, NULL, NULL, 0, 0, 0, 0),
(118, 138, 6, NULL, NULL, 0, 0, 0, 0),
(119, 156, 6, NULL, NULL, 0, 0, 1, 0),
(120, 207, 6, NULL, NULL, 0, 0, 0, 0),
(121, 150, 6, NULL, NULL, 0, 0, 0, 0),
(122, 183, 6, NULL, NULL, 0, 0, 0, 0),
(123, 164, 6, NULL, NULL, 0, 0, 0, 0),
(124, 165, 6, NULL, NULL, 0, 0, 0, 0),
(125, 191, 6, NULL, NULL, 0, 0, 0, 0),
(126, 103, 6, NULL, NULL, 0, 0, 1, 0),
(127, 153, 6, NULL, NULL, 0, 0, 1, 0),
(128, 184, 6, NULL, NULL, 0, 0, 0, 0),
(129, 185, 6, NULL, NULL, 0, 0, 0, 0),
(130, 169, 4, NULL, NULL, 0, 0, 0, 0),
(131, 189, 4, NULL, NULL, 0, 0, 0, 0),
(132, 147, 4, NULL, NULL, 0, 0, 0, 0),
(133, 126, 4, NULL, NULL, 0, 0, 0, 0),
(134, 124, 4, NULL, NULL, 0, 0, 0, 0),
(135, 145, 4, NULL, NULL, 0, 0, 0, 0),
(136, 152, 4, NULL, NULL, 0, 0, 0, 0),
(137, 214, 4, NULL, NULL, 0, 0, 0, 0),
(138, 115, 4, NULL, NULL, 0, 0, 0, 0),
(139, 213, 4, NULL, NULL, 0, 0, 0, 0),
(140, 205, 4, NULL, NULL, 0, 0, 0, 0),
(141, 148, 4, NULL, NULL, 0, 0, 0, 0),
(142, 102, 4, NULL, NULL, 0, 0, 0, 0),
(143, 212, 4, NULL, NULL, 0, 0, 0, 0),
(144, 112, 4, NULL, NULL, 0, 0, 0, 0),
(145, 144, 4, NULL, NULL, 0, 0, 0, 0),
(146, 168, 4, NULL, NULL, 0, 0, 0, 0),
(147, 140, 4, NULL, NULL, 0, 0, 0, 0),
(148, 127, 4, NULL, NULL, 0, 0, 1, 0),
(149, 209, 4, NULL, NULL, 0, 0, 0, 0),
(150, 155, 4, NULL, NULL, 0, 0, 0, 0),
(151, 139, 4, NULL, NULL, 0, 0, 0, 0),
(152, 158, 4, NULL, NULL, 0, 0, 0, 0),
(153, 186, 4, NULL, NULL, 0, 0, 0, 0),
(154, 146, 4, NULL, NULL, 0, 0, 0, 0),
(155, 125, 4, NULL, NULL, 0, 0, 0, 0),
(156, 162, 4, NULL, NULL, 0, 0, 0, 0),
(157, 100, 4, NULL, NULL, 0, 0, 0, 0),
(158, 157, 4, NULL, NULL, 0, 0, 0, 0),
(159, 128, 4, NULL, NULL, 0, 0, 0, 0),
(160, 188, 4, NULL, NULL, 0, 0, 0, 0),
(161, 174, 4, NULL, NULL, 0, 0, 1, 0),
(162, 111, 4, NULL, NULL, 0, 0, 0, 0),
(163, 215, 4, NULL, NULL, 0, 0, 0, 0),
(164, 101, 4, NULL, NULL, 0, 0, 0, 0),
(165, 193, 4, NULL, NULL, 0, 0, 1, 0),
(166, 173, 4, NULL, NULL, 0, 0, 1, 0),
(167, 178, 4, NULL, NULL, 0, 0, 1, 0),
(168, 199, 4, NULL, NULL, 0, 0, 1, 0),
(169, 135, 4, NULL, NULL, 0, 0, 1, 0),
(170, 190, 4, NULL, NULL, 0, 0, 1, 0),
(171, 216, 4, NULL, NULL, 0, 0, 1, 0),
(172, 202, 1, NULL, NULL, 0, 0, 0, 0),
(173, 170, 1, NULL, NULL, 0, 0, 0, 0),
(174, 160, 1, NULL, NULL, 0, 0, 0, 0),
(175, 210, 1, NULL, NULL, 0, 0, 0, 0),
(176, 167, 1, NULL, NULL, 0, 0, 0, 0),
(177, 203, 1, NULL, NULL, 0, 0, 0, 0),
(178, 108, 1, NULL, NULL, 0, 0, 0, 0),
(179, 118, 1, NULL, NULL, 0, 0, 0, 0),
(180, 119, 1, NULL, NULL, 0, 0, 0, 0),
(181, 129, 1, NULL, NULL, 0, 0, 0, 0),
(182, 181, 1, NULL, NULL, 0, 0, 1, 0),
(183, 149, 3, NULL, NULL, 0, 0, 0, 0),
(184, 134, 3, NULL, NULL, 0, 0, 0, 0),
(185, 176, 3, NULL, NULL, 0, 0, 1, 0),
(186, 117, 3, NULL, NULL, 0, 0, 0, 0),
(187, 175, 3, NULL, NULL, 0, 0, 0, 0),
(188, 187, 3, NULL, NULL, 0, 0, 0, 0),
(189, 177, 3, NULL, NULL, 0, 0, 0, 0),
(190, 133, 3, NULL, NULL, 0, 0, 0, 0),
(191, 196, 3, NULL, NULL, 0, 0, 0, 0),
(192, 110, 3, NULL, NULL, 0, 0, 0, 0),
(193, 166, 3, NULL, NULL, 0, 0, 0, 0),
(194, 198, 3, NULL, NULL, 0, 0, 1, 0),
(195, 121, 2, NULL, NULL, 0, 0, 0, 0),
(196, 142, 2, NULL, NULL, 0, 0, 0, 0),
(197, 151, 2, NULL, NULL, 0, 0, 0, 0),
(198, 104, 2, NULL, NULL, 0, 0, 0, 0),
(199, 180, 2, NULL, NULL, 0, 0, 0, 0),
(200, 120, 2, NULL, NULL, 0, 0, 0, 0),
(201, 109, 2, NULL, NULL, 0, 0, 0, 0),
(202, 204, 2, NULL, NULL, 0, 0, 0, 0),
(203, 141, 2, NULL, NULL, 0, 0, 0, 0),
(204, 171, 2, NULL, NULL, 0, 0, 1, 0),
(205, 172, 5, NULL, NULL, 0, 0, 0, 0),
(206, 137, 5, NULL, NULL, 0, 0, 0, 0),
(207, 107, 5, NULL, NULL, 0, 0, 0, 0),
(208, 136, 5, NULL, NULL, 0, 0, 0, 0),
(209, 122, 5, NULL, NULL, 0, 0, 0, 0),
(210, 211, 5, NULL, NULL, 0, 0, 0, 0),
(211, 182, 5, NULL, NULL, 0, 0, 0, 0),
(212, 123, 5, NULL, NULL, 0, 0, 0, 0),
(213, 163, 5, NULL, NULL, 0, 0, 0, 0),
(214, 206, 5, NULL, NULL, 0, 0, 0, 0),
(215, 154, 5, NULL, NULL, 0, 0, 0, 0),
(216, 179, 5, NULL, NULL, 0, 0, 0, 0);

-- --------------------------------------------------------

--
-- Table structure for table `participation_entries`
--

CREATE TABLE `participation_entries` (
  `entry_id` mediumint(8) UNSIGNED NOT NULL,
  `participation_id` mediumint(8) UNSIGNED NOT NULL,
  `station_id` mediumint(8) UNSIGNED DEFAULT NULL,
  `participant_name` varchar(255) DEFAULT NULL,
  `time` varchar(32) DEFAULT NULL,
  `time_start` varchar(32) DEFAULT NULL,
  `time_finish` varchar(32) DEFAULT NULL,
  `hits` tinyint(3) DEFAULT NULL
) ENGINE=InnoDB DEFAULT CHARSET=latin1;

--
-- Dumping data for table `participation_entries`
--

INSERT INTO `participation_entries` (`entry_id`, `participation_id`, `station_id`, `participant_name`, `time`, `time_start`, `time_finish`, `hits`) VALUES
(1533, 99, 88, NULL, NULL, '09:58:00', '', NULL),
(1534, 99, 89, NULL, NULL, '13:29:00', '12:58:00', NULL),
(1535, 99, 90, NULL, NULL, '14:54:00', '14:24:00', NULL),
(1536, 99, 99, NULL, NULL, '', '16:20:00', NULL),
(1537, 100, 88, NULL, NULL, '08:54:00', '', NULL),
(1538, 100, 89, NULL, NULL, '11:41:00', '11:40:00', NULL),
(1539, 100, 90, NULL, NULL, '13:25:00', '13:00:00', NULL),
(1540, 100, 99, NULL, NULL, '', '17:27:00', NULL),
(1541, 101, 88, NULL, NULL, '09:28:00', '', NULL),
(1542, 101, 89, NULL, NULL, '12:33:00', '12:18:00', NULL),
(1543, 101, 90, NULL, NULL, '13:50:00', '13:30:00', NULL),
(1544, 101, 99, NULL, NULL, '', '17:13:00', NULL),
(1545, 102, 88, NULL, NULL, '09:37:00', '', NULL),
(1546, 102, 89, NULL, NULL, '12:34:00', '12:20:00', NULL),
(1547, 102, 90, NULL, NULL, '14:15:00', '13:45:00', NULL),
(1548, 102, 99, NULL, NULL, '', '17:00:00', NULL),
(1549, 103, 88, NULL, NULL, '09:45:00', '', NULL),
(1550, 103, 89, NULL, NULL, '12:30:00', '12:17:00', NULL),
(1551, 103, 90, NULL, NULL, '14:01:00', '13:31:00', NULL),
(1552, 103, 99, NULL, NULL, '', '16:59:00', NULL),
(1553, 104, 88, NULL, NULL, '09:43:00', '', NULL),
(1554, 104, 89, NULL, NULL, '12:13:00', '11:58:00', NULL),
(1555, 104, 90, NULL, NULL, '13:57:00', '13:22:00', NULL),
(1556, 104, 99, NULL, NULL, '', '16:53:00', NULL),
(1557, 105, 88, NULL, NULL, '09:35:00', '', NULL),
(1558, 105, 89, NULL, NULL, '12:01:00', '11:48:00', NULL),
(1559, 105, 90, NULL, NULL, '13:34:00', '13:04:00', NULL),
(1560, 105, 99, NULL, NULL, '', '16:33:00', NULL),
(1561, 106, 88, NULL, NULL, '09:14:00', '', NULL),
(1562, 106, 89, NULL, NULL, '11:38:00', '11:23:00', NULL),
(1563, 106, 90, NULL, NULL, '13:11:00', '12:41:00', NULL),
(1564, 106, 99, NULL, NULL, '', '16:28:00', NULL),
(1565, 107, 88, NULL, NULL, '09:39:00', '', NULL),
(1566, 107, 89, NULL, NULL, '11:58:00', '11:45:00', NULL),
(1567, 107, 90, NULL, NULL, '13:24:00', '12:54:00', NULL),
(1568, 107, 99, NULL, NULL, '', '15:54:00', NULL),
(1569, 108, 88, NULL, NULL, '09:18:00', '', NULL),
(1570, 108, 89, NULL, NULL, '11:33:00', '11:21:00', NULL),
(1571, 108, 90, NULL, NULL, '12:55:00', '12:25:00', NULL),
(1572, 108, 99, NULL, NULL, '', '15:44:00', NULL),
(1573, 109, 88, NULL, NULL, '09:24:00', '', NULL),
(1574, 109, 89, NULL, NULL, '11:42:00', '11:27:00', NULL),
(1575, 109, 90, NULL, NULL, '12:59:00', '12:29:00', NULL),
(1576, 109, 99, NULL, NULL, '', '15:40:00', NULL),
(1577, 110, 88, NULL, NULL, '09:07:00', '', NULL),
(1578, 110, 89, NULL, NULL, '11:27:00', '11:12:00', NULL),
(1579, 110, 90, NULL, NULL, '12:48:00', '12:18:00', NULL),
(1580, 110, 99, NULL, NULL, '', '15:36:00', NULL),
(1581, 111, 88, NULL, NULL, '09:20:00', '', NULL),
(1582, 111, 89, NULL, NULL, '11:22:00', '11:09:00', NULL),
(1583, 111, 90, NULL, NULL, '12:40:00', '12:10:00', NULL),
(1584, 111, 99, NULL, NULL, '', '15:33:00', NULL),
(1585, 112, 88, NULL, NULL, '09:33:00', '', NULL),
(1586, 112, 89, NULL, NULL, '11:28:00', '11:14:00', NULL),
(1587, 112, 90, NULL, NULL, '12:46:00', '12:16:00', NULL),
(1588, 112, 99, NULL, NULL, '', '15:29:00', NULL),
(1589, 113, 88, NULL, NULL, '09:26:00', '', NULL),
(1590, 113, 89, NULL, NULL, '11:30:00', '11:19:00', NULL),
(1591, 113, 90, NULL, NULL, '12:46:00', '12:16:00', NULL),
(1592, 113, 99, NULL, NULL, '', '14:58:00', NULL),
(1593, 114, 88, NULL, NULL, '09:05:00', '', NULL),
(1594, 114, 89, NULL, NULL, '11:22:00', '11:09:00', NULL),
(1595, 114, 90, NULL, NULL, '12:37:00', '12:07:00', NULL),
(1596, 114, 99, NULL, NULL, '', '14:58:00', NULL),
(1597, 115, 88, NULL, NULL, '09:09:00', '', NULL),
(1598, 115, 89, NULL, NULL, '11:17:00', '11:02:00', NULL),
(1599, 115, 90, NULL, NULL, '12:30:00', '12:00:00', NULL),
(1600, 115, 99, NULL, NULL, '', '14:50:00', NULL),
(1601, 116, 88, NULL, NULL, '09:31:00', '', NULL),
(1602, 116, 89, NULL, NULL, '12:08:00', '11:53:00', NULL),
(1603, 116, 90, NULL, NULL, '12:15:00', '12:10:00', NULL),
(1604, 116, 99, NULL, NULL, '', '14:52:00', NULL),
(1605, 117, 88, NULL, NULL, '09:29:00', '', NULL),
(1606, 117, 89, NULL, NULL, '11:31:00', '11:17:00', NULL),
(1607, 117, 90, NULL, NULL, '12:44:00', '12:14:00', NULL),
(1608, 117, 99, NULL, NULL, '', '14:48:00', NULL),
(1609, 118, 88, NULL, NULL, '09:11:00', '', NULL),
(1610, 118, 89, NULL, NULL, '11:25:00', '11:10:00', NULL),
(1611, 118, 90, NULL, NULL, '12:37:00', '12:07:00', NULL),
(1612, 118, 99, NULL, NULL, '', '14:45:00', NULL),
(1613, 119, 88, NULL, NULL, '10:22:00', '', NULL),
(1614, 119, 89, NULL, NULL, '10:24:00', '10:23:00', NULL),
(1615, 119, 90, NULL, NULL, '10:26:00', '10:25:00', NULL),
(1616, 119, 99, NULL, NULL, '', '14:16:00', NULL),
(1617, 120, 88, NULL, NULL, '09:41:00', '', NULL),
(1618, 120, 89, NULL, NULL, '11:28:00', '11:13:00', NULL),
(1619, 120, 90, NULL, NULL, '12:34:00', '12:04:00', NULL),
(1620, 120, 99, NULL, NULL, '', '14:15:00', NULL),
(1621, 121, 88, NULL, NULL, '09:16:00', '', NULL),
(1622, 121, 89, NULL, NULL, '11:13:00', '11:03:00', NULL),
(1623, 121, 90, NULL, NULL, '12:15:00', '11:55:00', NULL),
(1624, 121, 99, NULL, NULL, '', '14:11:00', NULL),
(1625, 122, 88, NULL, NULL, '09:22:00', '', NULL),
(1626, 122, 89, NULL, NULL, '11:25:00', '11:10:00', NULL),
(1627, 122, 90, NULL, NULL, '12:31:00', '12:01:00', NULL),
(1628, 122, 99, NULL, NULL, '', '14:04:00', NULL),
(1629, 123, 88, NULL, NULL, '09:07:00', '', NULL),
(1630, 123, 89, NULL, NULL, '10:48:00', '10:41:00', NULL),
(1631, 123, 90, NULL, NULL, '12:00:00', '11:30:00', NULL),
(1632, 123, 99, NULL, NULL, '', '13:56:00', NULL),
(1633, 124, 88, NULL, NULL, '09:03:00', '', NULL),
(1634, 124, 89, NULL, NULL, '10:45:00', '10:34:00', NULL),
(1635, 124, 90, NULL, NULL, '11:55:00', '11:25:00', NULL),
(1636, 124, 99, NULL, NULL, '', '13:47:00', NULL),
(1637, 125, 88, NULL, NULL, '09:10:00', '', NULL),
(1638, 125, 89, NULL, NULL, '10:45:00', '10:36:00', NULL),
(1639, 125, 90, NULL, NULL, '11:49:00', '11:19:00', NULL),
(1640, 125, 99, NULL, NULL, '', '13:32:00', NULL),
(1641, 126, 88, NULL, NULL, '10:00:00', '', NULL),
(1642, 126, 89, NULL, NULL, '11:00:00', '10:30:00', NULL),
(1643, 126, 90, NULL, NULL, '12:00:00', '11:30:00', NULL),
(1644, 126, 99, NULL, NULL, '', '13:00:00', NULL),
(1645, 127, 88, NULL, NULL, '10:00:00', '', NULL),
(1646, 127, 89, NULL, NULL, '11:20:00', '11:11:00', NULL),
(1647, 127, 90, NULL, NULL, '13:00:00', '12:00:00', NULL),
(1648, 127, 99, NULL, NULL, '', '14:00:00', NULL),
(1649, 128, 88, NULL, NULL, '09:49:00', '', NULL),
(1650, 128, 89, NULL, NULL, '14:18:00', '14:06:00', NULL),
(1651, 128, 90, NULL, NULL, '16:16:00', '15:46:00', NULL),
(1652, 128, 99, NULL, NULL, '', '19:36:00', NULL),
(1653, 129, 88, NULL, NULL, '09:47:00', '', NULL),
(1654, 129, 89, NULL, NULL, '14:18:00', '14:06:00', NULL),
(1655, 129, 90, NULL, NULL, '16:16:00', '15:46:00', NULL),
(1656, 129, 99, NULL, NULL, '', '19:39:00', NULL),
(1657, 130, 52, NULL, NULL, '07:58:00', '', NULL),
(1658, 130, 53, NULL, NULL, '10:37:00', '10:22:00', NULL),
(1659, 130, 54, NULL, NULL, '13:47:00', '13:17:00', NULL),
(1660, 130, 55, NULL, NULL, '15:06:00', '14:51:00', NULL),
(1661, 130, 58, NULL, NULL, NULL, NULL, 1),
(1662, 130, 59, NULL, NULL, NULL, NULL, 1),
(1663, 130, 60, NULL, NULL, NULL, NULL, 1),
(1664, 130, 61, NULL, NULL, NULL, NULL, 1),
(1665, 130, 62, NULL, NULL, NULL, NULL, 1),
(1666, 130, 63, NULL, NULL, NULL, NULL, 1),
(1667, 130, 68, NULL, NULL, '', '16:33:00', NULL),
(1668, 131, 52, NULL, NULL, '08:16:00', '', NULL),
(1669, 131, 53, NULL, NULL, '10:53:00', '10:38:00', NULL),
(1670, 131, 54, NULL, NULL, '13:22:00', '12:52:00', NULL),
(1671, 131, 55, NULL, NULL, '14:41:00', '14:26:00', NULL),
(1672, 131, 58, NULL, NULL, NULL, NULL, 1),
(1673, 131, 59, NULL, NULL, NULL, NULL, 1),
(1674, 131, 60, NULL, NULL, NULL, NULL, 1),
(1675, 131, 61, NULL, NULL, NULL, NULL, 1),
(1676, 131, 62, NULL, NULL, NULL, NULL, 1),
(1677, 131, 63, NULL, NULL, NULL, NULL, 1),
(1678, 131, 68, NULL, NULL, '', '16:22:00', NULL),
(1679, 132, 52, NULL, NULL, '08:04:00', '', NULL),
(1680, 132, 53, NULL, NULL, '10:33:00', '10:18:00', NULL),
(1681, 132, 54, NULL, NULL, '13:33:00', '13:03:00', NULL),
(1682, 132, 55, NULL, NULL, '14:36:00', '14:21:00', NULL),
(1683, 132, 58, NULL, NULL, NULL, NULL, 1),
(1684, 132, 59, NULL, NULL, NULL, NULL, 1),
(1685, 132, 60, NULL, NULL, NULL, NULL, 1),
(1686, 132, 61, NULL, NULL, NULL, NULL, 1),
(1687, 132, 62, NULL, NULL, NULL, NULL, 1),
(1688, 132, 63, NULL, NULL, NULL, NULL, 1),
(1689, 132, 68, NULL, NULL, '', '15:51:00', NULL),
(1690, 133, 52, NULL, NULL, '07:56:00', '', NULL),
(1691, 133, 53, NULL, NULL, '10:53:00', '10:38:00', NULL),
(1692, 133, 54, NULL, NULL, '14:12:00', '13:42:00', NULL),
(1693, 133, 55, NULL, NULL, '15:17:00', '15:12:00', NULL),
(1694, 133, 58, NULL, NULL, NULL, NULL, 1),
(1695, 133, 59, NULL, NULL, NULL, NULL, 1),
(1696, 133, 60, NULL, NULL, NULL, NULL, 1),
(1697, 133, 61, NULL, NULL, NULL, NULL, 1),
(1698, 133, 62, NULL, NULL, NULL, NULL, 1),
(1699, 133, 63, NULL, NULL, NULL, NULL, 1),
(1700, 133, 68, NULL, NULL, '', '17:03:00', NULL),
(1701, 134, 52, NULL, NULL, '07:40:00', '', NULL),
(1702, 134, 53, NULL, NULL, '10:31:00', '10:16:00', NULL),
(1703, 134, 54, NULL, NULL, '13:46:00', '13:16:00', NULL),
(1704, 134, 55, NULL, NULL, '15:17:00', '15:12:00', NULL),
(1705, 134, 58, NULL, NULL, NULL, NULL, 1),
(1706, 134, 59, NULL, NULL, NULL, NULL, 1),
(1707, 134, 60, NULL, NULL, NULL, NULL, 1),
(1708, 134, 61, NULL, NULL, NULL, NULL, 1),
(1709, 134, 62, NULL, NULL, NULL, NULL, 1),
(1710, 134, 63, NULL, NULL, NULL, NULL, 1),
(1711, 134, 68, NULL, NULL, '', '17:03:00', NULL),
(1712, 135, 52, NULL, NULL, '07:50:00', '', NULL),
(1713, 135, 53, NULL, NULL, '10:28:00', '10:13:00', NULL),
(1714, 135, 54, NULL, NULL, '13:57:00', '13:27:00', NULL),
(1715, 135, 55, NULL, NULL, '15:17:00', '15:12:00', NULL),
(1716, 135, 58, NULL, NULL, NULL, NULL, 1),
(1717, 135, 59, NULL, NULL, NULL, NULL, 1),
(1718, 135, 60, NULL, NULL, NULL, NULL, 1),
(1719, 135, 61, NULL, NULL, NULL, NULL, 1),
(1720, 135, 62, NULL, NULL, NULL, NULL, 1),
(1721, 135, 63, NULL, NULL, NULL, NULL, 1),
(1722, 135, 68, NULL, NULL, '', '17:02:00', NULL),
(1723, 136, 52, NULL, NULL, '08:02:00', '', NULL),
(1724, 136, 53, NULL, NULL, '10:42:00', '10:27:00', NULL),
(1725, 136, 54, NULL, NULL, '13:46:00', '13:16:00', NULL),
(1726, 136, 55, NULL, NULL, '15:18:00', '15:03:00', NULL),
(1727, 136, 58, NULL, NULL, NULL, NULL, 1),
(1728, 136, 59, NULL, NULL, NULL, NULL, 1),
(1729, 136, 60, NULL, NULL, NULL, NULL, 1),
(1730, 136, 61, NULL, NULL, NULL, NULL, 1),
(1731, 136, 62, NULL, NULL, NULL, NULL, 1),
(1732, 136, 63, NULL, NULL, NULL, NULL, 1),
(1733, 136, 68, NULL, NULL, '', '17:01:00', NULL),
(1734, 137, 52, NULL, NULL, '08:36:00', '', NULL),
(1735, 137, 53, NULL, NULL, '11:14:00', '10:59:00', NULL),
(1736, 137, 54, NULL, NULL, '14:10:00', '13:40:00', NULL),
(1737, 137, 55, NULL, NULL, '15:21:00', '15:06:00', NULL),
(1738, 137, 58, NULL, NULL, NULL, NULL, 1),
(1739, 137, 59, NULL, NULL, NULL, NULL, 1),
(1740, 137, 60, NULL, NULL, NULL, NULL, 1),
(1741, 137, 61, NULL, NULL, NULL, NULL, 1),
(1742, 137, 62, NULL, NULL, NULL, NULL, 1),
(1743, 137, 63, NULL, NULL, NULL, NULL, 1),
(1744, 137, 68, NULL, NULL, '', '16:41:00', NULL),
(1745, 138, 52, NULL, NULL, '08:18:00', '', NULL),
(1746, 138, 53, NULL, NULL, '11:32:00', '11:17:00', NULL),
(1747, 138, 54, NULL, NULL, '14:18:00', '13:48:00', NULL),
(1748, 138, 55, NULL, NULL, '15:13:00', '15:08:00', NULL),
(1749, 138, 58, NULL, NULL, NULL, NULL, 1),
(1750, 138, 59, NULL, NULL, NULL, NULL, 1),
(1751, 138, 60, NULL, NULL, NULL, NULL, 1),
(1752, 138, 61, NULL, NULL, NULL, NULL, 1),
(1753, 138, 62, NULL, NULL, NULL, NULL, 1),
(1754, 138, 63, NULL, NULL, NULL, NULL, 1),
(1755, 138, 68, NULL, NULL, '', '16:42:00', NULL),
(1756, 139, 52, NULL, NULL, '08:48:00', '', NULL),
(1757, 139, 53, NULL, NULL, '11:23:00', '11:08:00', NULL),
(1758, 139, 54, NULL, NULL, '14:14:00', '13:44:00', NULL),
(1759, 139, 55, NULL, NULL, '15:19:00', '15:09:00', NULL),
(1760, 139, 58, NULL, NULL, NULL, NULL, 1),
(1761, 139, 59, NULL, NULL, NULL, NULL, 1),
(1762, 139, 60, NULL, NULL, NULL, NULL, 1),
(1763, 139, 61, NULL, NULL, NULL, NULL, 1),
(1764, 139, 62, NULL, NULL, NULL, NULL, 1),
(1765, 139, 63, NULL, NULL, NULL, NULL, 1),
(1766, 139, 68, NULL, NULL, '', '16:36:00', NULL),
(1767, 140, 52, NULL, NULL, '08:42:00', '', NULL),
(1768, 140, 53, NULL, NULL, '11:16:00', '11:01:00', NULL),
(1769, 140, 54, NULL, NULL, '14:01:00', '13:31:00', NULL),
(1770, 140, 55, NULL, NULL, '15:12:00', '14:57:00', NULL),
(1771, 140, 58, NULL, NULL, NULL, NULL, 1),
(1772, 140, 59, NULL, NULL, NULL, NULL, 1),
(1773, 140, 60, NULL, NULL, NULL, NULL, 1),
(1774, 140, 61, NULL, NULL, NULL, NULL, 1),
(1775, 140, 62, NULL, NULL, NULL, NULL, 1),
(1776, 140, 63, NULL, NULL, NULL, NULL, 1),
(1777, 140, 68, NULL, NULL, '', '16:23:00', NULL),
(1778, 141, 52, NULL, NULL, '08:24:00', '', NULL),
(1779, 141, 53, NULL, NULL, '10:52:00', '10:37:00', NULL),
(1780, 141, 54, NULL, NULL, '14:00:00', '13:30:00', NULL),
(1781, 141, 55, NULL, NULL, '15:00:00', '14:45:00', NULL),
(1782, 141, 58, NULL, NULL, NULL, NULL, 1),
(1783, 141, 59, NULL, NULL, NULL, NULL, 1),
(1784, 141, 60, NULL, NULL, NULL, NULL, 1),
(1785, 141, 61, NULL, NULL, NULL, NULL, 1),
(1786, 141, 62, NULL, NULL, NULL, NULL, 1),
(1787, 141, 63, NULL, NULL, NULL, NULL, 1),
(1788, 141, 68, NULL, NULL, '', '16:24:00', NULL),
(1789, 142, 52, NULL, NULL, '08:00:00', '', NULL),
(1790, 142, 53, NULL, NULL, '10:31:00', '10:16:00', NULL),
(1791, 142, 54, NULL, NULL, '13:13:00', '12:43:00', NULL),
(1792, 142, 55, NULL, NULL, '14:23:00', '14:08:00', NULL),
(1793, 142, 58, NULL, NULL, NULL, NULL, 1),
(1794, 142, 59, NULL, NULL, NULL, NULL, 1),
(1795, 142, 60, NULL, NULL, NULL, NULL, 1),
(1796, 142, 61, NULL, NULL, NULL, NULL, 1),
(1797, 142, 62, NULL, NULL, NULL, NULL, 1),
(1798, 142, 63, NULL, NULL, NULL, NULL, 1),
(1799, 142, 68, NULL, NULL, '', '16:22:00', NULL),
(1800, 143, 52, NULL, NULL, '08:50:00', '', NULL),
(1801, 143, 53, NULL, NULL, '11:32:00', '11:17:00', NULL),
(1802, 143, 54, NULL, NULL, '14:05:00', '13:35:00', NULL),
(1803, 143, 55, NULL, NULL, '15:12:00', '14:57:00', NULL),
(1804, 143, 58, NULL, NULL, NULL, NULL, 1),
(1805, 143, 59, NULL, NULL, NULL, NULL, 1),
(1806, 143, 60, NULL, NULL, NULL, NULL, 1),
(1807, 143, 61, NULL, NULL, NULL, NULL, 1),
(1808, 143, 62, NULL, NULL, NULL, NULL, 1),
(1809, 143, 63, NULL, NULL, NULL, NULL, 1),
(1810, 143, 68, NULL, NULL, '', '16:19:00', NULL),
(1811, 144, 52, NULL, NULL, '08:14:00', '', NULL),
(1812, 144, 53, NULL, NULL, '10:43:00', '10:28:00', NULL),
(1813, 144, 54, NULL, NULL, '13:37:00', '13:07:00', NULL),
(1814, 144, 55, NULL, NULL, '14:48:00', '14:33:00', NULL),
(1815, 144, 58, NULL, NULL, NULL, NULL, 1),
(1816, 144, 59, NULL, NULL, NULL, NULL, 1),
(1817, 144, 60, NULL, NULL, NULL, NULL, 1),
(1818, 144, 61, NULL, NULL, NULL, NULL, 1),
(1819, 144, 62, NULL, NULL, NULL, NULL, 1),
(1820, 144, 63, NULL, NULL, NULL, NULL, 1),
(1821, 144, 68, NULL, NULL, '', '16:08:00', NULL),
(1822, 145, 52, NULL, NULL, '09:04:00', '', NULL),
(1823, 145, 53, NULL, NULL, '12:24:00', '12:09:00', NULL),
(1824, 145, 54, NULL, NULL, '16:03:00', '15:33:00', NULL),
(1825, 145, 55, NULL, NULL, '17:32:00', '17:27:00', NULL),
(1826, 145, 58, NULL, NULL, NULL, NULL, 1),
(1827, 145, 59, NULL, NULL, NULL, NULL, 1),
(1828, 145, 60, NULL, NULL, NULL, NULL, 1),
(1829, 145, 61, NULL, NULL, NULL, NULL, 1),
(1830, 145, 62, NULL, NULL, NULL, NULL, 1),
(1831, 145, 63, NULL, NULL, NULL, NULL, 1),
(1832, 145, 68, NULL, NULL, '', '19:15:00', NULL),
(1833, 146, 52, NULL, NULL, '07:36:00', '', NULL),
(1834, 146, 53, NULL, NULL, '10:43:00', '10:28:00', NULL),
(1835, 146, 54, NULL, NULL, '15:24:00', '14:54:00', NULL),
(1836, 146, 55, NULL, NULL, '17:09:00', '16:54:00', NULL),
(1837, 146, 58, NULL, NULL, NULL, NULL, 1),
(1838, 146, 59, NULL, NULL, NULL, NULL, 1),
(1839, 146, 60, NULL, NULL, NULL, NULL, 1),
(1840, 146, 61, NULL, NULL, NULL, NULL, 1),
(1841, 146, 62, NULL, NULL, NULL, NULL, 1),
(1842, 146, 63, NULL, NULL, NULL, NULL, 1),
(1843, 146, 68, NULL, NULL, '', '19:45:00', NULL),
(1844, 147, 52, NULL, NULL, '08:40:00', '', NULL),
(1845, 147, 53, NULL, NULL, '11:56:00', '11:41:00', NULL),
(1846, 147, 54, NULL, NULL, '15:34:00', '15:04:00', NULL),
(1847, 147, 55, NULL, NULL, '18:15:00', '18:14:00', NULL),
(1848, 147, 58, NULL, NULL, NULL, NULL, 1),
(1849, 147, 59, NULL, NULL, NULL, NULL, 1),
(1850, 147, 60, NULL, NULL, NULL, NULL, 1),
(1851, 147, 61, NULL, NULL, NULL, NULL, 1),
(1852, 147, 62, NULL, NULL, NULL, NULL, 1),
(1853, 147, 63, NULL, NULL, NULL, NULL, 1),
(1854, 147, 68, NULL, NULL, '', '20:20:00', NULL),
(1855, 148, 52, NULL, NULL, '08:12:00', '', NULL),
(1856, 148, 53, NULL, NULL, '12:20:00', '12:05:00', NULL),
(1857, 148, 54, NULL, NULL, '16:14:00', '15:54:00', NULL),
(1858, 148, 55, NULL, NULL, '17:45:00', '17:44:00', NULL),
(1859, 148, 58, NULL, NULL, NULL, NULL, 1),
(1860, 148, 59, NULL, NULL, NULL, NULL, 1),
(1861, 148, 60, NULL, NULL, NULL, NULL, 1),
(1862, 148, 61, NULL, NULL, NULL, NULL, 1),
(1863, 148, 62, NULL, NULL, NULL, NULL, 1),
(1864, 148, 63, NULL, NULL, NULL, NULL, 1),
(1865, 148, 68, NULL, NULL, '', '20:23:00', NULL),
(1866, 149, 52, NULL, NULL, '08:44:00', '', NULL),
(1867, 149, 53, NULL, NULL, '11:54:00', '11:39:00', NULL),
(1868, 149, 54, NULL, NULL, '15:37:00', '15:07:00', NULL),
(1869, 149, 55, NULL, NULL, '17:21:00', '17:06:00', NULL),
(1870, 149, 58, NULL, NULL, NULL, NULL, 1),
(1871, 149, 59, NULL, NULL, NULL, NULL, 1),
(1872, 149, 60, NULL, NULL, NULL, NULL, 1),
(1873, 149, 61, NULL, NULL, NULL, NULL, 1),
(1874, 149, 62, NULL, NULL, NULL, NULL, 1),
(1875, 149, 63, NULL, NULL, NULL, NULL, 1),
(1876, 149, 68, NULL, NULL, '', '19:15:00', NULL),
(1877, 150, 52, NULL, NULL, '09:24:00', '', NULL),
(1878, 150, 53, NULL, NULL, '11:53:00', '11:38:00', NULL),
(1879, 150, 54, NULL, NULL, '15:10:00', '14:40:00', NULL),
(1880, 150, 55, NULL, NULL, '16:11:00', '15:56:00', NULL),
(1881, 150, 58, NULL, NULL, NULL, NULL, 1),
(1882, 150, 59, NULL, NULL, NULL, NULL, 1),
(1883, 150, 60, NULL, NULL, NULL, NULL, 1),
(1884, 150, 61, NULL, NULL, NULL, NULL, 1),
(1885, 150, 62, NULL, NULL, NULL, NULL, 1),
(1886, 150, 63, NULL, NULL, NULL, NULL, 1),
(1887, 150, 68, NULL, NULL, '', '17:30:00', NULL),
(1888, 151, 52, NULL, NULL, '08:38:00', '', NULL),
(1889, 151, 53, NULL, NULL, '11:54:00', '11:39:00', NULL),
(1890, 151, 54, NULL, NULL, '15:11:00', '15:01:00', NULL),
(1891, 151, 55, NULL, NULL, '16:40:00', '16:39:00', NULL),
(1892, 151, 58, NULL, NULL, NULL, NULL, 1),
(1893, 151, 59, NULL, NULL, NULL, NULL, 1),
(1894, 151, 60, NULL, NULL, NULL, NULL, 1),
(1895, 151, 61, NULL, NULL, NULL, NULL, 1),
(1896, 151, 62, NULL, NULL, NULL, NULL, 1),
(1897, 151, 63, NULL, NULL, NULL, NULL, 1),
(1898, 151, 68, NULL, NULL, '', '18:43:00', NULL),
(1899, 152, 52, NULL, NULL, '08:10:00', '', NULL),
(1900, 152, 53, NULL, NULL, '11:21:00', '11:06:00', NULL),
(1901, 152, 54, NULL, NULL, '14:38:00', '14:08:00', NULL),
(1902, 152, 55, NULL, NULL, '16:56:00', '16:41:00', NULL),
(1903, 152, 58, NULL, NULL, NULL, NULL, 1),
(1904, 152, 59, NULL, NULL, NULL, NULL, 1),
(1905, 152, 60, NULL, NULL, NULL, NULL, 1),
(1906, 152, 61, NULL, NULL, NULL, NULL, 1),
(1907, 152, 62, NULL, NULL, NULL, NULL, 1),
(1908, 152, 63, NULL, NULL, NULL, NULL, 1),
(1909, 152, 68, NULL, NULL, '', '18:33:00', NULL),
(1910, 153, 52, NULL, NULL, '08:32:00', '', NULL),
(1911, 153, 53, NULL, NULL, '11:59:00', '11:44:00', NULL),
(1912, 153, 54, NULL, NULL, '15:24:00', '14:54:00', NULL),
(1913, 153, 55, NULL, NULL, '16:14:00', '16:13:00', NULL),
(1914, 153, 58, NULL, NULL, NULL, NULL, 1),
(1915, 153, 59, NULL, NULL, NULL, NULL, 1),
(1916, 153, 60, NULL, NULL, NULL, NULL, 1),
(1917, 153, 61, NULL, NULL, NULL, NULL, 1),
(1918, 153, 62, NULL, NULL, NULL, NULL, 1),
(1919, 153, 63, NULL, NULL, NULL, NULL, 1),
(1920, 153, 68, NULL, NULL, '', '17:56:00', NULL),
(1921, 154, 52, NULL, NULL, '08:08:00', '', NULL),
(1922, 154, 53, NULL, NULL, '11:20:00', '11:05:00', NULL),
(1923, 154, 54, NULL, NULL, '14:33:00', '14:03:00', NULL),
(1924, 154, 55, NULL, NULL, '16:05:00', '15:30:00', NULL),
(1925, 154, 58, NULL, NULL, NULL, NULL, 1),
(1926, 154, 59, NULL, NULL, NULL, NULL, 1),
(1927, 154, 60, NULL, NULL, NULL, NULL, 0),
(1928, 154, 61, NULL, NULL, NULL, NULL, 1),
(1929, 154, 62, NULL, NULL, NULL, NULL, 1),
(1930, 154, 63, NULL, NULL, NULL, NULL, 1),
(1931, 154, 68, NULL, NULL, '', '17:50:00', NULL),
(1932, 155, 52, NULL, NULL, '07:48:00', '', NULL),
(1933, 155, 53, NULL, NULL, '10:11:00', '09:56:00', NULL),
(1934, 155, 54, NULL, NULL, '12:29:00', '11:59:00', NULL),
(1935, 155, 55, NULL, NULL, '13:31:00', '13:16:00', NULL),
(1936, 155, 58, NULL, NULL, NULL, NULL, 1),
(1937, 155, 59, NULL, NULL, NULL, NULL, 1),
(1938, 155, 60, NULL, NULL, NULL, NULL, 1),
(1939, 155, 61, NULL, NULL, NULL, NULL, 1),
(1940, 155, 62, NULL, NULL, NULL, NULL, 1),
(1941, 155, 63, NULL, NULL, NULL, NULL, 1),
(1942, 155, 68, NULL, NULL, '', '14:45:00', NULL),
(1943, 156, 52, NULL, NULL, '07:54:00', '', NULL),
(1944, 156, 53, NULL, NULL, '10:10:00', '09:55:00', NULL),
(1945, 156, 54, NULL, NULL, '12:28:00', '11:58:00', NULL),
(1946, 156, 55, NULL, NULL, '13:22:00', '13:07:00', NULL),
(1947, 156, 58, NULL, NULL, NULL, NULL, 1),
(1948, 156, 59, NULL, NULL, NULL, NULL, 1),
(1949, 156, 60, NULL, NULL, NULL, NULL, 1),
(1950, 156, 61, NULL, NULL, NULL, NULL, 1),
(1951, 156, 62, NULL, NULL, NULL, NULL, 1),
(1952, 156, 63, NULL, NULL, NULL, NULL, 1),
(1953, 156, 68, NULL, NULL, '', '14:34:00', NULL),
(1954, 157, 52, NULL, NULL, '07:30:00', '', NULL),
(1955, 157, 53, NULL, NULL, '09:51:00', '09:36:00', NULL),
(1956, 157, 54, NULL, NULL, '12:36:00', '12:06:00', NULL),
(1957, 157, 55, NULL, NULL, '13:36:00', '13:21:00', NULL),
(1958, 157, 58, NULL, NULL, NULL, NULL, 1),
(1959, 157, 59, NULL, NULL, NULL, NULL, 1),
(1960, 157, 60, NULL, NULL, NULL, NULL, 1),
(1961, 157, 61, NULL, NULL, NULL, NULL, 1),
(1962, 157, 62, NULL, NULL, NULL, NULL, 1),
(1963, 157, 63, NULL, NULL, NULL, NULL, 1),
(1964, 157, 68, NULL, NULL, '', '14:45:00', NULL),
(1965, 158, 52, NULL, NULL, '07:34:00', '', NULL),
(1966, 158, 53, NULL, NULL, '09:23:00', '09:13:00', NULL),
(1967, 158, 54, NULL, NULL, '11:21:00', '10:51:00', NULL),
(1968, 158, 55, NULL, NULL, '11:55:00', '11:45:00', NULL),
(1969, 158, 58, NULL, NULL, NULL, NULL, 1),
(1970, 158, 59, NULL, NULL, NULL, NULL, 1),
(1971, 158, 60, NULL, NULL, NULL, NULL, 1),
(1972, 158, 61, NULL, NULL, NULL, NULL, 1),
(1973, 158, 62, NULL, NULL, NULL, NULL, 1),
(1974, 158, 63, NULL, NULL, NULL, NULL, 1),
(1975, 158, 68, NULL, NULL, '', '12:28:00', NULL),
(1976, 159, 52, NULL, NULL, '08:20:00', '', NULL),
(1977, 159, 53, NULL, NULL, '10:37:00', '10:22:00', NULL),
(1978, 159, 54, NULL, NULL, '12:49:00', '12:19:00', NULL),
(1979, 159, 55, NULL, NULL, '13:41:00', '13:26:00', NULL),
(1980, 159, 58, NULL, NULL, NULL, NULL, 1),
(1981, 159, 59, NULL, NULL, NULL, NULL, 1),
(1982, 159, 60, NULL, NULL, NULL, NULL, 1),
(1983, 159, 61, NULL, NULL, NULL, NULL, 1),
(1984, 159, 62, NULL, NULL, NULL, NULL, 1),
(1985, 159, 63, NULL, NULL, NULL, NULL, 1),
(1986, 159, 68, NULL, NULL, '', '14:46:00', NULL),
(1987, 160, 52, NULL, NULL, '07:46:00', '', NULL),
(1988, 160, 53, NULL, NULL, '10:20:00', '10:05:00', NULL),
(1989, 160, 54, NULL, NULL, '13:13:00', '12:43:00', NULL),
(1990, 160, 55, NULL, NULL, '14:09:00', '13:54:00', NULL),
(1991, 160, 58, NULL, NULL, NULL, NULL, 1),
(1992, 160, 59, NULL, NULL, NULL, NULL, 1),
(1993, 160, 60, NULL, NULL, NULL, NULL, 1),
(1994, 160, 61, NULL, NULL, NULL, NULL, 1),
(1995, 160, 62, NULL, NULL, NULL, NULL, 1),
(1996, 160, 63, NULL, NULL, NULL, NULL, 1),
(1997, 160, 68, NULL, NULL, '', '14:56:00', NULL),
(1998, 161, 52, NULL, NULL, '08:26:00', '', NULL),
(1999, 161, 53, NULL, NULL, '', '10:35:00', NULL),
(2000, 161, 54, NULL, NULL, '', '', NULL),
(2001, 161, 55, NULL, NULL, '', '', NULL),
(2002, 161, 58, NULL, NULL, NULL, NULL, 1),
(2003, 161, 59, NULL, NULL, NULL, NULL, 1),
(2004, 161, 60, NULL, NULL, NULL, NULL, 1),
(2005, 161, 61, NULL, NULL, NULL, NULL, 1),
(2006, 161, 62, NULL, NULL, NULL, NULL, 1),
(2007, 161, 63, NULL, NULL, NULL, NULL, 1),
(2008, 161, 68, NULL, NULL, '', '15:10:00', NULL),
(2009, 162, 52, NULL, NULL, '07:52:00', '', NULL),
(2010, 162, 53, NULL, NULL, '09:42:00', '09:27:00', NULL),
(2011, 162, 54, NULL, NULL, '11:54:00', '11:24:00', NULL),
(2012, 162, 55, NULL, NULL, '12:26:00', '12:21:00', NULL),
(2013, 162, 58, NULL, NULL, NULL, NULL, 1),
(2014, 162, 59, NULL, NULL, NULL, NULL, 1),
(2015, 162, 60, NULL, NULL, NULL, NULL, 1),
(2016, 162, 61, NULL, NULL, NULL, NULL, 1),
(2017, 162, 62, NULL, NULL, NULL, NULL, 1),
(2018, 162, 63, NULL, NULL, NULL, NULL, 1),
(2019, 162, 68, NULL, NULL, '', '13:05:00', NULL),
(2020, 163, 52, NULL, NULL, '08:52:00', '', NULL),
(2021, 163, 53, NULL, NULL, '11:20:00', '11:05:00', NULL),
(2022, 163, 54, NULL, NULL, '13:44:00', '13:14:00', NULL),
(2023, 163, 55, NULL, NULL, '14:35:00', '14:20:00', NULL),
(2024, 163, 58, NULL, NULL, NULL, NULL, 1),
(2025, 163, 59, NULL, NULL, NULL, NULL, 1),
(2026, 163, 60, NULL, NULL, NULL, NULL, 1),
(2027, 163, 61, NULL, NULL, NULL, NULL, 1),
(2028, 163, 62, NULL, NULL, NULL, NULL, 1),
(2029, 163, 63, NULL, NULL, NULL, NULL, 1),
(2030, 163, 68, NULL, NULL, '', '15:27:00', NULL),
(2031, 164, 52, NULL, NULL, '07:44:00', '', NULL),
(2032, 164, 53, NULL, NULL, '10:25:00', '10:10:00', NULL),
(2033, 164, 54, NULL, NULL, '13:21:00', '12:51:00', NULL),
(2034, 164, 55, NULL, NULL, '14:24:00', '14:09:00', NULL),
(2035, 164, 58, NULL, NULL, NULL, NULL, 1),
(2036, 164, 59, NULL, NULL, NULL, NULL, 1),
(2037, 164, 60, NULL, NULL, NULL, NULL, 1),
(2038, 164, 61, NULL, NULL, NULL, NULL, 1),
(2039, 164, 62, NULL, NULL, NULL, NULL, 1),
(2040, 164, 63, NULL, NULL, NULL, NULL, 1),
(2041, 164, 68, NULL, NULL, '', '15:33:00', NULL),
(2042, 165, 52, NULL, NULL, '07:42:00', '', NULL),
(2043, 165, 53, NULL, NULL, '', '', NULL),
(2044, 165, 54, NULL, NULL, '', '', NULL),
(2045, 165, 55, NULL, NULL, '', '', NULL),
(2046, 165, 58, NULL, NULL, NULL, NULL, 1),
(2047, 165, 59, NULL, NULL, NULL, NULL, 1),
(2048, 165, 60, NULL, NULL, NULL, NULL, 1),
(2049, 165, 61, NULL, NULL, NULL, NULL, 1),
(2050, 165, 62, NULL, NULL, NULL, NULL, 1),
(2051, 165, 63, NULL, NULL, NULL, NULL, 1),
(2052, 165, 68, NULL, NULL, '', '', NULL),
(2053, 166, 52, NULL, NULL, '08:06:00', '', NULL),
(2054, 166, 53, NULL, NULL, '', '', NULL),
(2055, 166, 54, NULL, NULL, '', '', NULL),
(2056, 166, 55, NULL, NULL, '', '', NULL),
(2057, 166, 58, NULL, NULL, NULL, NULL, 1),
(2058, 166, 59, NULL, NULL, NULL, NULL, 1),
(2059, 166, 60, NULL, NULL, NULL, NULL, 1),
(2060, 166, 61, NULL, NULL, NULL, NULL, 1),
(2061, 166, 62, NULL, NULL, NULL, NULL, 1),
(2062, 166, 63, NULL, NULL, NULL, NULL, 1),
(2063, 166, 68, NULL, NULL, '', '', NULL),
(2064, 167, 52, NULL, NULL, '', '', NULL),
(2065, 167, 53, NULL, NULL, '', '', NULL),
(2066, 167, 54, NULL, NULL, '', '', NULL),
(2067, 167, 55, NULL, NULL, '', '', NULL),
(2068, 167, 58, NULL, NULL, NULL, NULL, 1),
(2069, 167, 59, NULL, NULL, NULL, NULL, 1),
(2070, 167, 60, NULL, NULL, NULL, NULL, 1),
(2071, 167, 61, NULL, NULL, NULL, NULL, 1),
(2072, 167, 62, NULL, NULL, NULL, NULL, 1),
(2073, 167, 63, NULL, NULL, NULL, NULL, 1),
(2074, 167, 68, NULL, NULL, '', '', NULL),
(2075, 168, 52, NULL, NULL, '08:22:00', '', NULL),
(2076, 168, 53, NULL, NULL, '', '', NULL),
(2077, 168, 54, NULL, NULL, '', '', NULL),
(2078, 168, 55, NULL, NULL, '', '', NULL),
(2079, 168, 58, NULL, NULL, NULL, NULL, 1),
(2080, 168, 59, NULL, NULL, NULL, NULL, 1),
(2081, 168, 60, NULL, NULL, NULL, NULL, 1),
(2082, 168, 61, NULL, NULL, NULL, NULL, 1),
(2083, 168, 62, NULL, NULL, NULL, NULL, 1),
(2084, 168, 63, NULL, NULL, NULL, NULL, 1),
(2085, 168, 68, NULL, NULL, '', '', NULL),
(2086, 169, 52, NULL, NULL, '08:30:00', '', NULL),
(2087, 169, 53, NULL, NULL, '', '', NULL),
(2088, 169, 54, NULL, NULL, '', '', NULL),
(2089, 169, 55, NULL, NULL, '', '', NULL),
(2090, 169, 58, NULL, NULL, NULL, NULL, 1),
(2091, 169, 59, NULL, NULL, NULL, NULL, 1),
(2092, 169, 60, NULL, NULL, NULL, NULL, 1),
(2093, 169, 61, NULL, NULL, NULL, NULL, 1),
(2094, 169, 62, NULL, NULL, NULL, NULL, 1),
(2095, 169, 63, NULL, NULL, NULL, NULL, 1),
(2096, 169, 68, NULL, NULL, '', '', NULL),
(2097, 170, 52, NULL, NULL, '', '', NULL),
(2098, 170, 53, NULL, NULL, '', '', NULL),
(2099, 170, 54, NULL, NULL, '', '', NULL),
(2100, 170, 55, NULL, NULL, '', '', NULL),
(2101, 170, 58, NULL, NULL, NULL, NULL, 1),
(2102, 170, 59, NULL, NULL, NULL, NULL, 1),
(2103, 170, 60, NULL, NULL, NULL, NULL, 1),
(2104, 170, 61, NULL, NULL, NULL, NULL, 1),
(2105, 170, 62, NULL, NULL, NULL, NULL, 1),
(2106, 170, 63, NULL, NULL, NULL, NULL, 1),
(2107, 170, 68, NULL, NULL, '', '', NULL),
(2108, 171, 52, NULL, NULL, '', '', NULL),
(2109, 171, 53, NULL, NULL, '', '', NULL),
(2110, 171, 54, NULL, NULL, '', '', NULL),
(2111, 171, 55, NULL, NULL, '', '', NULL),
(2112, 171, 58, NULL, NULL, NULL, NULL, 1),
(2113, 171, 59, NULL, NULL, NULL, NULL, 1),
(2114, 171, 60, NULL, NULL, NULL, NULL, 1),
(2115, 171, 61, NULL, NULL, NULL, NULL, 1),
(2116, 171, 62, NULL, NULL, NULL, NULL, 1),
(2117, 171, 63, NULL, NULL, NULL, NULL, 1),
(2118, 171, 68, NULL, NULL, '', '', NULL),
(2119, 172, 1, NULL, NULL, '08:19:00', '', NULL),
(2120, 172, 2, NULL, NULL, '11:22:00', '11:07:00', NULL),
(2121, 172, 3, NULL, NULL, '14:15:00', '14:05:00', NULL),
(2122, 172, 4, NULL, NULL, '15:24:00', '15:09:00', NULL),
(2123, 172, 8, NULL, NULL, NULL, NULL, 1),
(2124, 172, 9, NULL, NULL, NULL, NULL, 1),
(2125, 172, 10, NULL, NULL, NULL, NULL, 1),
(2126, 172, 11, NULL, NULL, NULL, NULL, 1),
(2127, 172, 12, NULL, NULL, NULL, NULL, 1),
(2128, 172, 13, NULL, NULL, NULL, NULL, 1),
(2129, 172, 7, NULL, NULL, '', '16:55:00', NULL),
(2130, 173, 1, NULL, NULL, '08:10:00', '', NULL),
(2131, 173, 2, NULL, NULL, '11:21:00', '11:06:00', NULL),
(2132, 173, 3, NULL, NULL, '14:19:00', '13:49:00', NULL),
(2133, 173, 4, NULL, NULL, '15:11:00', '15:10:00', NULL),
(2134, 173, 8, NULL, NULL, NULL, NULL, 1),
(2135, 173, 9, NULL, NULL, NULL, NULL, 1),
(2136, 173, 10, NULL, NULL, NULL, NULL, 1),
(2137, 173, 11, NULL, NULL, NULL, NULL, 1),
(2138, 173, 12, NULL, NULL, NULL, NULL, 1),
(2139, 173, 13, NULL, NULL, NULL, NULL, 1),
(2140, 173, 7, NULL, NULL, '', '16:37:00', NULL),
(2141, 174, 1, NULL, NULL, '08:24:00', '', NULL),
(2142, 174, 2, NULL, NULL, '11:15:00', '11:00:00', NULL),
(2143, 174, 3, NULL, NULL, '13:40:00', '13:22:00', NULL),
(2144, 174, 4, NULL, NULL, '14:38:00', '14:33:00', NULL),
(2145, 174, 8, NULL, NULL, NULL, NULL, 1),
(2146, 174, 9, NULL, NULL, NULL, NULL, 1),
(2147, 174, 10, NULL, NULL, NULL, NULL, 1),
(2148, 174, 11, NULL, NULL, NULL, NULL, 1),
(2149, 174, 12, NULL, NULL, NULL, NULL, 1),
(2150, 174, 13, NULL, NULL, NULL, NULL, 1),
(2151, 174, 7, NULL, NULL, '', '16:02:00', NULL),
(2152, 175, 1, NULL, NULL, '08:26:00', '', NULL),
(2153, 175, 2, NULL, NULL, '11:01:00', '10:46:00', NULL),
(2154, 175, 3, NULL, NULL, '13:50:00', '13:20:00', NULL),
(2155, 175, 4, NULL, NULL, '14:53:00', '14:43:00', NULL),
(2156, 175, 8, NULL, NULL, NULL, NULL, 1),
(2157, 175, 9, NULL, NULL, NULL, NULL, 1),
(2158, 175, 10, NULL, NULL, NULL, NULL, 1),
(2159, 175, 11, NULL, NULL, NULL, NULL, 1),
(2160, 175, 12, NULL, NULL, NULL, NULL, 1),
(2161, 175, 13, NULL, NULL, NULL, NULL, 1),
(2162, 175, 7, NULL, NULL, '', '16:01:00', NULL),
(2163, 176, 1, NULL, NULL, '08:13:00', '', NULL),
(2164, 176, 2, NULL, NULL, '11:46:00', '11:31:00', NULL),
(2165, 176, 3, NULL, NULL, '15:11:00', '15:01:00', NULL),
(2166, 176, 4, NULL, NULL, '16:41:00', '16:40:00', NULL),
(2167, 176, 8, NULL, NULL, NULL, NULL, 1),
(2168, 176, 9, NULL, NULL, NULL, NULL, 1),
(2169, 176, 10, NULL, NULL, NULL, NULL, 1),
(2170, 176, 11, NULL, NULL, NULL, NULL, 1),
(2171, 176, 12, NULL, NULL, NULL, NULL, 1),
(2172, 176, 13, NULL, NULL, NULL, NULL, 1),
(2173, 176, 7, NULL, NULL, '', '18:43:00', NULL),
(2174, 177, 1, NULL, NULL, '08:32:00', '', NULL),
(2175, 177, 2, NULL, NULL, '11:16:00', '11:01:00', NULL),
(2176, 177, 3, NULL, NULL, '14:53:00', '14:23:00', NULL),
(2177, 177, 4, NULL, NULL, '16:27:00', '16:12:00', NULL),
(2178, 177, 8, NULL, NULL, NULL, NULL, 1),
(2179, 177, 9, NULL, NULL, NULL, NULL, 1),
(2180, 177, 10, NULL, NULL, NULL, NULL, 0),
(2181, 177, 11, NULL, NULL, NULL, NULL, 1),
(2182, 177, 12, NULL, NULL, NULL, NULL, 1),
(2183, 177, 13, NULL, NULL, NULL, NULL, 1),
(2184, 177, 7, NULL, NULL, '', '18:30:00', NULL),
(2185, 178, 1, NULL, NULL, '08:17:00', '', NULL),
(2186, 178, 2, NULL, NULL, '10:29:00', '10:14:00', NULL),
(2187, 178, 3, NULL, NULL, '12:48:00', '12:18:00', NULL),
(2188, 178, 4, NULL, NULL, '13:45:00', '13:35:00', NULL),
(2189, 178, 8, NULL, NULL, NULL, NULL, 1),
(2190, 178, 9, NULL, NULL, NULL, NULL, 1),
(2191, 178, 10, NULL, NULL, NULL, NULL, 1),
(2192, 178, 11, NULL, NULL, NULL, NULL, 1),
(2193, 178, 12, NULL, NULL, NULL, NULL, 1),
(2194, 178, 13, NULL, NULL, NULL, NULL, 1),
(2195, 178, 7, NULL, NULL, '', '14:58:00', NULL),
(2196, 179, 1, NULL, NULL, '07:58:00', '', NULL),
(2197, 179, 2, NULL, NULL, '10:01:00', '09:46:00', NULL),
(2198, 179, 3, NULL, NULL, '12:05:00', '11:40:00', NULL),
(2199, 179, 4, NULL, NULL, '12:40:00', '12:32:00', NULL),
(2200, 179, 8, NULL, NULL, NULL, NULL, 1),
(2201, 179, 9, NULL, NULL, NULL, NULL, 1),
(2202, 179, 10, NULL, NULL, NULL, NULL, 1),
(2203, 179, 11, NULL, NULL, NULL, NULL, 1),
(2204, 179, 12, NULL, NULL, NULL, NULL, 1),
(2205, 179, 13, NULL, NULL, NULL, NULL, 1),
(2206, 179, 7, NULL, NULL, '', '13:27:00', NULL),
(2207, 180, 1, NULL, NULL, '08:21:00', '', NULL),
(2208, 180, 2, NULL, NULL, '10:51:00', '10:37:00', NULL),
(2209, 180, 3, NULL, NULL, '13:24:00', '12:54:00', NULL),
(2210, 180, 4, NULL, NULL, '14:13:00', '13:58:00', NULL),
(2211, 180, 8, NULL, NULL, NULL, NULL, 1),
(2212, 180, 9, NULL, NULL, NULL, NULL, 1),
(2213, 180, 10, NULL, NULL, NULL, NULL, 1),
(2214, 180, 11, NULL, NULL, NULL, NULL, 1),
(2215, 180, 12, NULL, NULL, NULL, NULL, 1),
(2216, 180, 13, NULL, NULL, NULL, NULL, 1),
(2217, 180, 7, NULL, NULL, '', '15:10:00', NULL),
(2218, 181, 1, NULL, NULL, '08:30:00', '', NULL),
(2219, 181, 2, NULL, NULL, '11:26:00', '11:11:00', NULL),
(2220, 181, 3, NULL, NULL, '14:34:00', '14:04:00', NULL),
(2221, 181, 4, NULL, NULL, '15:51:00', '15:36:00', NULL),
(2222, 181, 8, NULL, NULL, NULL, NULL, 1),
(2223, 181, 9, NULL, NULL, NULL, NULL, 1),
(2224, 181, 10, NULL, NULL, NULL, NULL, 1),
(2225, 181, 11, NULL, NULL, NULL, NULL, 1),
(2226, 181, 12, NULL, NULL, NULL, NULL, 1),
(2227, 181, 13, NULL, NULL, NULL, NULL, 1),
(2228, 181, 7, NULL, NULL, '', '17:37:00', NULL),
(2229, 182, 1, NULL, NULL, '', '', NULL),
(2230, 182, 2, NULL, NULL, '', '', NULL),
(2231, 182, 3, NULL, NULL, '', '', NULL),
(2232, 182, 4, NULL, NULL, '', '', NULL),
(2233, 182, 8, NULL, NULL, NULL, NULL, 1),
(2234, 182, 9, NULL, NULL, NULL, NULL, 1),
(2235, 182, 10, NULL, NULL, NULL, NULL, 1),
(2236, 182, 11, NULL, NULL, NULL, NULL, 1),
(2237, 182, 12, NULL, NULL, NULL, NULL, 1),
(2238, 182, 13, NULL, NULL, NULL, NULL, 1),
(2239, 182, 7, NULL, NULL, '', '', NULL),
(2240, 183, 35, NULL, NULL, '08:47:00', '', NULL),
(2241, 183, 36, NULL, NULL, '11:25:00', '11:10:00', NULL),
(2242, 183, 37, NULL, NULL, '14:33:00', '14:03:00', NULL),
(2243, 183, 38, NULL, NULL, '15:59:00', '15:44:00', NULL),
(2244, 183, 41, NULL, NULL, NULL, NULL, 1),
(2245, 183, 42, NULL, NULL, NULL, NULL, 1),
(2246, 183, 43, NULL, NULL, NULL, NULL, 1),
(2247, 183, 44, NULL, NULL, NULL, NULL, 1),
(2248, 183, 45, NULL, NULL, NULL, NULL, 1),
(2249, 183, 46, NULL, NULL, NULL, NULL, 1),
(2250, 183, 51, NULL, NULL, '', '19:11:00', NULL),
(2251, 184, 35, NULL, NULL, '08:53:00', '', NULL),
(2252, 184, 36, NULL, NULL, '11:54:00', '11:39:00', NULL),
(2253, 184, 37, NULL, NULL, '15:25:00', '14:55:00', NULL),
(2254, 184, 38, NULL, NULL, '16:53:00', '16:38:00', NULL),
(2255, 184, 41, NULL, NULL, NULL, NULL, 1),
(2256, 184, 42, NULL, NULL, NULL, NULL, 1),
(2257, 184, 43, NULL, NULL, NULL, NULL, 1),
(2258, 184, 44, NULL, NULL, NULL, NULL, 1),
(2259, 184, 45, NULL, NULL, NULL, NULL, 1),
(2260, 184, 46, NULL, NULL, NULL, NULL, 1),
(2261, 184, 51, NULL, NULL, '', '18:36:00', NULL),
(2262, 185, 35, NULL, NULL, '', '', NULL),
(2263, 185, 36, NULL, NULL, '', '', NULL),
(2264, 185, 37, NULL, NULL, '', '', NULL),
(2265, 185, 38, NULL, NULL, '', '', NULL),
(2266, 185, 41, NULL, NULL, NULL, NULL, 1),
(2267, 185, 42, NULL, NULL, NULL, NULL, 1),
(2268, 185, 43, NULL, NULL, NULL, NULL, 1),
(2269, 185, 44, NULL, NULL, NULL, NULL, 1),
(2270, 185, 45, NULL, NULL, NULL, NULL, 1),
(2271, 185, 46, NULL, NULL, NULL, NULL, 1),
(2272, 185, 51, NULL, NULL, '', '', NULL),
(2273, 186, 35, NULL, NULL, '08:43:00', '', NULL),
(2274, 186, 36, NULL, NULL, '10:56:00', '10:41:00', NULL),
(2275, 186, 37, NULL, NULL, '13:10:00', '12:40:00', NULL),
(2276, 186, 38, NULL, NULL, '13:57:00', '13:42:00', NULL),
(2277, 186, 41, NULL, NULL, NULL, NULL, 1),
(2278, 186, 42, NULL, NULL, NULL, NULL, 1),
(2279, 186, 43, NULL, NULL, NULL, NULL, 1),
(2280, 186, 44, NULL, NULL, NULL, NULL, 1),
(2281, 186, 45, NULL, NULL, NULL, NULL, 1),
(2282, 186, 46, NULL, NULL, NULL, NULL, 1),
(2283, 186, 51, NULL, NULL, '', '14:48:00', NULL),
(2284, 187, 35, NULL, NULL, '08:33:00', '', NULL),
(2285, 187, 36, NULL, NULL, '10:30:00', '10:15:00', NULL),
(2286, 187, 37, NULL, NULL, '12:44:00', '12:14:00', NULL),
(2287, 187, 38, NULL, NULL, '13:45:00', '13:30:00', NULL),
(2288, 187, 41, NULL, NULL, NULL, NULL, 1),
(2289, 187, 42, NULL, NULL, NULL, NULL, 1),
(2290, 187, 43, NULL, NULL, NULL, NULL, 1),
(2291, 187, 44, NULL, NULL, NULL, NULL, 1),
(2292, 187, 45, NULL, NULL, NULL, NULL, 1),
(2293, 187, 46, NULL, NULL, NULL, NULL, 1),
(2294, 187, 51, NULL, NULL, '', '14:51:00', NULL),
(2295, 188, 35, NULL, NULL, '08:55:00', '', NULL),
(2296, 188, 36, NULL, NULL, '10:58:00', '10:43:00', NULL),
(2297, 188, 37, NULL, NULL, '13:42:00', '13:12:00', NULL),
(2298, 188, 38, NULL, NULL, '14:37:00', '14:22:00', NULL),
(2299, 188, 41, NULL, NULL, NULL, NULL, 1),
(2300, 188, 42, NULL, NULL, NULL, NULL, 1),
(2301, 188, 43, NULL, NULL, NULL, NULL, 1),
(2302, 188, 44, NULL, NULL, NULL, NULL, 1),
(2303, 188, 45, NULL, NULL, NULL, NULL, 1),
(2304, 188, 46, NULL, NULL, NULL, NULL, 1),
(2305, 188, 51, NULL, NULL, '', '15:45:00', NULL),
(2306, 189, 35, NULL, NULL, '08:44:00', '', NULL),
(2307, 189, 36, NULL, NULL, '10:58:00', '10:43:00', NULL),
(2308, 189, 37, NULL, NULL, '13:45:00', '13:16:00', NULL),
(2309, 189, 38, NULL, NULL, '14:48:00', '14:43:00', NULL),
(2310, 189, 41, NULL, NULL, NULL, NULL, 1),
(2311, 189, 42, NULL, NULL, NULL, NULL, 1),
(2312, 189, 43, NULL, NULL, NULL, NULL, 1),
(2313, 189, 44, NULL, NULL, NULL, NULL, 1),
(2314, 189, 45, NULL, NULL, NULL, NULL, 1),
(2315, 189, 46, NULL, NULL, NULL, NULL, 1),
(2316, 189, 51, NULL, NULL, '', '15:59:00', NULL),
(2317, 190, 35, NULL, NULL, '08:35:00', '', NULL),
(2318, 190, 36, NULL, NULL, '11:39:00', '11:24:00', NULL),
(2319, 190, 37, NULL, NULL, '14:15:00', '13:45:00', NULL),
(2320, 190, 38, NULL, NULL, '15:21:00', '15:06:00', NULL),
(2321, 190, 41, NULL, NULL, NULL, NULL, 1),
(2322, 190, 42, NULL, NULL, NULL, NULL, 1),
(2323, 190, 43, NULL, NULL, NULL, NULL, 1),
(2324, 190, 44, NULL, NULL, NULL, NULL, 1),
(2325, 190, 45, NULL, NULL, NULL, NULL, 1),
(2326, 190, 46, NULL, NULL, NULL, NULL, 1),
(2327, 190, 51, NULL, NULL, '', '16:44:00', NULL),
(2328, 191, 35, NULL, NULL, '08:30:00', '', NULL),
(2329, 191, 36, NULL, NULL, '10:53:00', '10:38:00', NULL),
(2330, 191, 37, NULL, NULL, '14:04:00', '13:42:00', NULL),
(2331, 191, 38, NULL, NULL, '15:08:00', '14:53:00', NULL),
(2332, 191, 41, NULL, NULL, NULL, NULL, 1),
(2333, 191, 42, NULL, NULL, NULL, NULL, 1),
(2334, 191, 43, NULL, NULL, NULL, NULL, 1),
(2335, 191, 44, NULL, NULL, NULL, NULL, 1),
(2336, 191, 45, NULL, NULL, NULL, NULL, 1),
(2337, 191, 46, NULL, NULL, NULL, NULL, 1),
(2338, 191, 51, NULL, NULL, '', '16:11:00', NULL),
(2339, 192, 35, NULL, NULL, '08:45:00', '', NULL),
(2340, 192, 36, NULL, NULL, '11:05:00', '10:50:00', NULL),
(2341, 192, 37, NULL, NULL, '13:51:00', '13:21:00', NULL),
(2342, 192, 38, NULL, NULL, '14:57:00', '14:43:00', NULL),
(2343, 192, 41, NULL, NULL, NULL, NULL, 1),
(2344, 192, 42, NULL, NULL, NULL, NULL, 1),
(2345, 192, 43, NULL, NULL, NULL, NULL, 1),
(2346, 192, 44, NULL, NULL, NULL, NULL, 1),
(2347, 192, 45, NULL, NULL, NULL, NULL, 1),
(2348, 192, 46, NULL, NULL, NULL, NULL, 1),
(2349, 192, 51, NULL, NULL, '', '16:07:00', NULL),
(2350, 193, 35, NULL, NULL, '08:28:00', '', NULL),
(2351, 193, 36, NULL, NULL, '11:31:00', '11:16:00', NULL),
(2352, 193, 37, NULL, NULL, '15:31:00', '15:01:00', NULL),
(2353, 193, 38, NULL, NULL, '16:41:00', '16:40:00', NULL),
(2354, 193, 41, NULL, NULL, NULL, NULL, 1),
(2355, 193, 42, NULL, NULL, NULL, NULL, 1),
(2356, 193, 43, NULL, NULL, NULL, NULL, 1),
(2357, 193, 44, NULL, NULL, NULL, NULL, 1),
(2358, 193, 45, NULL, NULL, NULL, NULL, 1),
(2359, 193, 46, NULL, NULL, NULL, NULL, 1),
(2360, 193, 51, NULL, NULL, '', '18:43:00', NULL),
(2361, 194, 35, NULL, NULL, '', '', NULL),
(2362, 194, 36, NULL, NULL, '', '', NULL),
(2363, 194, 37, NULL, NULL, '', '', NULL),
(2364, 194, 38, NULL, NULL, '', '', NULL),
(2365, 194, 41, NULL, NULL, NULL, NULL, 1),
(2366, 194, 42, NULL, NULL, NULL, NULL, 1),
(2367, 194, 43, NULL, NULL, NULL, NULL, 1),
(2368, 194, 44, NULL, NULL, NULL, NULL, 1),
(2369, 194, 45, NULL, NULL, NULL, NULL, 1),
(2370, 194, 46, NULL, NULL, NULL, NULL, 1),
(2371, 194, 51, NULL, NULL, '', '', NULL),
(2372, 195, 18, NULL, NULL, '09:10:00', '', NULL),
(2373, 195, 19, NULL, NULL, '11:46:00', '11:31:00', NULL),
(2374, 195, 20, NULL, NULL, '14:58:00', '14:28:00', NULL),
(2375, 195, 21, NULL, NULL, '15:45:00', '15:40:00', NULL),
(2376, 195, 24, NULL, NULL, NULL, NULL, 1),
(2377, 195, 25, NULL, NULL, NULL, NULL, 1),
(2378, 195, 26, NULL, NULL, NULL, NULL, 0),
(2379, 195, 27, NULL, NULL, NULL, NULL, 1),
(2380, 195, 28, NULL, NULL, NULL, NULL, 1),
(2381, 195, 29, NULL, NULL, NULL, NULL, 1),
(2382, 195, 34, NULL, NULL, '', '16:48:00', NULL),
(2383, 196, 18, NULL, NULL, '09:11:00', '', NULL),
(2384, 196, 19, NULL, NULL, '11:54:00', '11:39:00', NULL),
(2385, 196, 20, NULL, NULL, '14:13:00', '13:43:00', NULL),
(2386, 196, 21, NULL, NULL, '15:05:00', '14:57:00', NULL),
(2387, 196, 24, NULL, NULL, NULL, NULL, 1),
(2388, 196, 25, NULL, NULL, NULL, NULL, 1),
(2389, 196, 26, NULL, NULL, NULL, NULL, 1),
(2390, 196, 27, NULL, NULL, NULL, NULL, 1),
(2391, 196, 28, NULL, NULL, NULL, NULL, 1),
(2392, 196, 29, NULL, NULL, NULL, NULL, 1),
(2393, 196, 34, NULL, NULL, '', '16:22:00', NULL),
(2394, 197, 18, NULL, NULL, '09:04:00', '', NULL),
(2395, 197, 19, NULL, NULL, '11:29:00', '11:14:00', NULL),
(2396, 197, 20, NULL, NULL, '14:14:00', '13:44:00', NULL),
(2397, 197, 21, NULL, NULL, '15:05:00', '14:50:00', NULL),
(2398, 197, 24, NULL, NULL, NULL, NULL, 1),
(2399, 197, 25, NULL, NULL, NULL, NULL, 1),
(2400, 197, 26, NULL, NULL, NULL, NULL, 1),
(2401, 197, 27, NULL, NULL, NULL, NULL, 1),
(2402, 197, 28, NULL, NULL, NULL, NULL, 1),
(2403, 197, 29, NULL, NULL, NULL, NULL, 1),
(2404, 197, 34, NULL, NULL, '', '16:03:00', NULL),
(2405, 198, 18, NULL, NULL, '09:05:00', '', NULL),
(2406, 198, 19, NULL, NULL, '11:41:00', '11:26:00', NULL),
(2407, 198, 20, NULL, NULL, '14:53:00', '14:23:00', NULL),
(2408, 198, 21, NULL, NULL, '15:51:00', '15:41:00', NULL),
(2409, 198, 24, NULL, NULL, NULL, NULL, 1),
(2410, 198, 25, NULL, NULL, NULL, NULL, 1),
(2411, 198, 26, NULL, NULL, NULL, NULL, 1),
(2412, 198, 27, NULL, NULL, NULL, NULL, 1),
(2413, 198, 28, NULL, NULL, NULL, NULL, 1),
(2414, 198, 29, NULL, NULL, NULL, NULL, 1),
(2415, 198, 34, NULL, NULL, '', '17:07:00', NULL),
(2416, 199, 18, NULL, NULL, '09:00:00', '', NULL),
(2417, 199, 19, NULL, NULL, '11:06:00', '10:52:00', NULL),
(2418, 199, 20, NULL, NULL, '13:19:00', '12:49:00', NULL),
(2419, 199, 21, NULL, NULL, '14:10:00', '13:55:00', NULL),
(2420, 199, 24, NULL, NULL, NULL, NULL, 1),
(2421, 199, 25, NULL, NULL, NULL, NULL, 1),
(2422, 199, 26, NULL, NULL, NULL, NULL, 1),
(2423, 199, 27, NULL, NULL, NULL, NULL, 1),
(2424, 199, 28, NULL, NULL, NULL, NULL, 1),
(2425, 199, 29, NULL, NULL, NULL, NULL, 1),
(2426, 199, 34, NULL, NULL, '', '15:05:00', NULL),
(2427, 200, 18, NULL, NULL, '08:59:00', '', NULL),
(2428, 200, 19, NULL, NULL, '11:10:00', '10:51:00', NULL),
(2429, 200, 20, NULL, NULL, '13:35:00', '13:05:00', NULL),
(2430, 200, 21, NULL, NULL, '14:15:00', '14:10:00', NULL),
(2431, 200, 24, NULL, NULL, NULL, NULL, 1),
(2432, 200, 25, NULL, NULL, NULL, NULL, 1),
(2433, 200, 26, NULL, NULL, NULL, NULL, 1),
(2434, 200, 27, NULL, NULL, NULL, NULL, 1),
(2435, 200, 28, NULL, NULL, NULL, NULL, 1),
(2436, 200, 29, NULL, NULL, NULL, NULL, 1),
(2437, 200, 34, NULL, NULL, '', '15:17:00', NULL),
(2438, 201, 18, NULL, NULL, '09:01:00', '', NULL),
(2439, 201, 19, NULL, NULL, '11:10:00', '10:55:00', NULL),
(2440, 201, 20, NULL, NULL, '13:47:00', '13:17:00', NULL),
(2441, 201, 21, NULL, NULL, '14:38:00', '14:33:00', NULL),
(2442, 201, 24, NULL, NULL, NULL, NULL, 1),
(2443, 201, 25, NULL, NULL, NULL, NULL, 1),
(2444, 201, 26, NULL, NULL, NULL, NULL, 1),
(2445, 201, 27, NULL, NULL, NULL, NULL, 1),
(2446, 201, 28, NULL, NULL, NULL, NULL, 1),
(2447, 201, 29, NULL, NULL, NULL, NULL, 1),
(2448, 201, 34, NULL, NULL, '', '15:42:00', NULL),
(2449, 202, 18, NULL, NULL, '09:09:00', '', NULL),
(2450, 202, 19, NULL, NULL, '11:27:00', '11:12:00', NULL),
(2451, 202, 20, NULL, NULL, '14:03:00', '13:33:00', NULL),
(2452, 202, 21, NULL, NULL, '15:00:00', '14:45:00', NULL),
(2453, 202, 24, NULL, NULL, NULL, NULL, 1),
(2454, 202, 25, NULL, NULL, NULL, NULL, 1),
(2455, 202, 26, NULL, NULL, NULL, NULL, 1),
(2456, 202, 27, NULL, NULL, NULL, NULL, 1),
(2457, 202, 28, NULL, NULL, NULL, NULL, 1),
(2458, 202, 29, NULL, NULL, NULL, NULL, 1),
(2459, 202, 34, NULL, NULL, '', '15:54:00', NULL),
(2460, 203, 18, NULL, NULL, '08:57:00', '', NULL),
(2461, 203, 19, NULL, NULL, '11:44:00', '11:29:00', NULL),
(2462, 203, 20, NULL, NULL, '14:58:00', '14:28:00', NULL),
(2463, 203, 21, NULL, NULL, '16:18:00', '16:03:00', NULL),
(2464, 203, 24, NULL, NULL, NULL, NULL, 0),
(2465, 203, 25, NULL, NULL, NULL, NULL, 0),
(2466, 203, 26, NULL, NULL, NULL, NULL, 0),
(2467, 203, 27, NULL, NULL, NULL, NULL, 0),
(2468, 203, 28, NULL, NULL, NULL, NULL, 0),
(2469, 203, 29, NULL, NULL, NULL, NULL, 1),
(2470, 203, 34, NULL, NULL, '', '17:56:00', NULL),
(2471, 204, 18, NULL, NULL, '', '', NULL),
(2472, 204, 19, NULL, NULL, '', '', NULL),
(2473, 204, 20, NULL, NULL, '', '', NULL),
(2474, 204, 21, NULL, NULL, '', '', NULL),
(2475, 204, 24, NULL, NULL, NULL, NULL, 1),
(2476, 204, 25, NULL, NULL, NULL, NULL, 1),
(2477, 204, 26, NULL, NULL, NULL, NULL, 1),
(2478, 204, 27, NULL, NULL, NULL, NULL, 1),
(2479, 204, 28, NULL, NULL, NULL, NULL, 1),
(2480, 204, 29, NULL, NULL, NULL, NULL, 1),
(2481, 204, 34, NULL, NULL, '', '', NULL),
(2482, 205, 69, NULL, NULL, '08:01:00', '', NULL),
(2483, 205, 70, NULL, NULL, '10:39:00', '10:24:00', NULL),
(2484, 205, 71, NULL, NULL, '14:01:00', '13:31:00', NULL),
(2485, 205, 72, NULL, NULL, '15:11:00', '14:56:00', NULL),
(2486, 205, 75, NULL, NULL, NULL, NULL, 1),
(2487, 205, 76, NULL, NULL, NULL, NULL, 1),
(2488, 205, 77, NULL, NULL, NULL, NULL, 1),
(2489, 205, 78, NULL, NULL, NULL, NULL, 1),
(2490, 205, 79, NULL, NULL, NULL, NULL, 1),
(2491, 205, 80, NULL, NULL, NULL, NULL, 1),
(2492, 205, 87, NULL, NULL, '', '16:38:00', NULL),
(2493, 206, 69, NULL, NULL, '07:48:00', '', NULL),
(2494, 206, 70, NULL, NULL, '10:47:00', '10:32:00', NULL),
(2495, 206, 71, NULL, NULL, '13:54:00', '13:24:00', NULL),
(2496, 206, 72, NULL, NULL, '15:08:00', '14:53:00', NULL),
(2497, 206, 75, NULL, NULL, NULL, NULL, 1),
(2498, 206, 76, NULL, NULL, NULL, NULL, 1),
(2499, 206, 77, NULL, NULL, NULL, NULL, 1),
(2500, 206, 78, NULL, NULL, NULL, NULL, 1),
(2501, 206, 79, NULL, NULL, NULL, NULL, 1),
(2502, 206, 80, NULL, NULL, NULL, NULL, 1),
(2503, 206, 87, NULL, NULL, '', '16:22:00', NULL),
(2504, 207, 69, NULL, NULL, '07:49:00', '', NULL),
(2505, 207, 70, NULL, NULL, '09:13:00', '08:58:00', NULL),
(2506, 207, 71, NULL, NULL, '10:25:00', '10:05:00', NULL),
(2507, 207, 72, NULL, NULL, '10:51:00', '10:41:00', NULL),
(2508, 207, 75, NULL, NULL, NULL, NULL, 1),
(2509, 207, 76, NULL, NULL, NULL, NULL, 1),
(2510, 207, 77, NULL, NULL, NULL, NULL, 1),
(2511, 207, 78, NULL, NULL, NULL, NULL, 1),
(2512, 207, 79, NULL, NULL, NULL, NULL, 1),
(2513, 207, 80, NULL, NULL, NULL, NULL, 1),
(2514, 207, 87, NULL, NULL, '', '11:16:00', NULL),
(2515, 208, 69, NULL, NULL, '08:25:00', '', NULL),
(2516, 208, 70, NULL, NULL, '10:26:00', '10:11:00', NULL),
(2517, 208, 71, NULL, NULL, '12:28:00', '11:58:00', NULL),
(2518, 208, 72, NULL, NULL, '13:03:00', '12:59:00', NULL),
(2519, 208, 75, NULL, NULL, NULL, NULL, 1),
(2520, 208, 76, NULL, NULL, NULL, NULL, 1),
(2521, 208, 77, NULL, NULL, NULL, NULL, 1),
(2522, 208, 78, NULL, NULL, NULL, NULL, 1),
(2523, 208, 79, NULL, NULL, NULL, NULL, 1),
(2524, 208, 80, NULL, NULL, NULL, NULL, 1),
(2525, 208, 87, NULL, NULL, '', '14:30:00', NULL),
(2526, 209, 69, NULL, NULL, '07:47:00', '', NULL),
(2527, 209, 70, NULL, NULL, '09:18:00', '09:07:00', NULL),
(2528, 209, 71, NULL, NULL, '10:39:00', '10:27:00', NULL),
(2529, 209, 72, NULL, NULL, '11:09:00', '11:01:00', NULL),
(2530, 209, 75, NULL, NULL, NULL, NULL, 1),
(2531, 209, 76, NULL, NULL, NULL, NULL, 1),
(2532, 209, 77, NULL, NULL, NULL, NULL, 1),
(2533, 209, 78, NULL, NULL, NULL, NULL, 1),
(2534, 209, 79, NULL, NULL, NULL, NULL, 1),
(2535, 209, 80, NULL, NULL, NULL, NULL, 1),
(2536, 209, 87, NULL, NULL, '', '11:42:00', NULL),
(2537, 210, 69, NULL, NULL, '07:53:00', '', NULL),
(2538, 210, 70, NULL, NULL, '09:23:00', '09:09:00', NULL),
(2539, 210, 71, NULL, NULL, '11:02:00', '10:36:00', NULL),
(2540, 210, 72, NULL, NULL, '11:29:00', '11:20:00', NULL),
(2541, 210, 75, NULL, NULL, NULL, NULL, 1),
(2542, 210, 76, NULL, NULL, NULL, NULL, 1),
(2543, 210, 77, NULL, NULL, NULL, NULL, 1),
(2544, 210, 78, NULL, NULL, NULL, NULL, 1),
(2545, 210, 79, NULL, NULL, NULL, NULL, 1),
(2546, 210, 80, NULL, NULL, NULL, NULL, 1),
(2547, 210, 87, NULL, NULL, '', '12:01:00', NULL),
(2548, 211, 69, NULL, NULL, '08:05:00', '', NULL),
(2549, 211, 70, NULL, NULL, '09:50:00', '09:36:00', NULL),
(2550, 211, 71, NULL, NULL, '11:29:00', '11:04:00', NULL),
(2551, 211, 72, NULL, NULL, '11:58:00', '11:50:00', NULL),
(2552, 211, 75, NULL, NULL, NULL, NULL, 1),
(2553, 211, 76, NULL, NULL, NULL, NULL, 1),
(2554, 211, 77, NULL, NULL, NULL, NULL, 1),
(2555, 211, 78, NULL, NULL, NULL, NULL, 1),
(2556, 211, 79, NULL, NULL, NULL, NULL, 1),
(2557, 211, 80, NULL, NULL, NULL, NULL, 1),
(2558, 211, 87, NULL, NULL, '', '12:31:00', NULL),
(2559, 212, 69, NULL, NULL, '07:57:00', '', NULL),
(2560, 212, 70, NULL, NULL, '09:46:00', '09:32:00', NULL),
(2561, 212, 71, NULL, NULL, '11:33:00', '11:03:00', NULL),
(2562, 212, 72, NULL, NULL, '12:13:00', '11:58:00', NULL),
(2563, 212, 75, NULL, NULL, NULL, NULL, 1),
(2564, 212, 76, NULL, NULL, NULL, NULL, 1),
(2565, 212, 77, NULL, NULL, NULL, NULL, 1),
(2566, 212, 78, NULL, NULL, NULL, NULL, 1),
(2567, 212, 79, NULL, NULL, NULL, NULL, 1),
(2568, 212, 80, NULL, NULL, NULL, NULL, 1),
(2569, 212, 87, NULL, NULL, '', '12:56:00', NULL),
(2570, 213, 69, NULL, NULL, '07:59:00', '', NULL),
(2571, 213, 70, NULL, NULL, '09:59:00', '09:44:00', NULL),
(2572, 213, 71, NULL, NULL, '12:05:00', '11:35:00', NULL),
(2573, 213, 72, NULL, NULL, '12:49:00', '12:34:00', NULL),
(2574, 213, 75, NULL, NULL, NULL, NULL, 1),
(2575, 213, 76, NULL, NULL, NULL, NULL, 1),
(2576, 213, 77, NULL, NULL, NULL, NULL, 1),
(2577, 213, 78, NULL, NULL, NULL, NULL, 1),
(2578, 213, 79, NULL, NULL, NULL, NULL, 1),
(2579, 213, 80, NULL, NULL, NULL, NULL, 1),
(2580, 213, 87, NULL, NULL, '', '13:40:00', NULL),
(2581, 214, 69, NULL, NULL, '08:03:00', '', NULL),
(2582, 214, 70, NULL, NULL, '09:58:00', '09:43:00', NULL),
(2583, 214, 71, NULL, NULL, '12:06:00', '11:36:00', NULL),
(2584, 214, 72, NULL, NULL, '12:59:00', '12:44:00', NULL),
(2585, 214, 75, NULL, NULL, NULL, NULL, 1);
INSERT INTO `participation_entries` (`entry_id`, `participation_id`, `station_id`, `participant_name`, `time`, `time_start`, `time_finish`, `hits`) VALUES
(2586, 214, 76, NULL, NULL, NULL, NULL, 1),
(2587, 214, 77, NULL, NULL, NULL, NULL, 1),
(2588, 214, 78, NULL, NULL, NULL, NULL, 1),
(2589, 214, 79, NULL, NULL, NULL, NULL, 1),
(2590, 214, 80, NULL, NULL, NULL, NULL, 1),
(2591, 214, 87, NULL, NULL, '', '13:43:00', NULL),
(2592, 215, 69, NULL, NULL, '07:55:00', '', NULL),
(2593, 215, 70, NULL, NULL, '10:10:00', '09:55:00', NULL),
(2594, 215, 71, NULL, NULL, '12:12:00', '11:42:00', NULL),
(2595, 215, 72, NULL, NULL, '13:00:00', '12:45:00', NULL),
(2596, 215, 75, NULL, NULL, NULL, NULL, 1),
(2597, 215, 76, NULL, NULL, NULL, NULL, 1),
(2598, 215, 77, NULL, NULL, NULL, NULL, 1),
(2599, 215, 78, NULL, NULL, NULL, NULL, 1),
(2600, 215, 79, NULL, NULL, NULL, NULL, 1),
(2601, 215, 80, NULL, NULL, NULL, NULL, 1),
(2602, 215, 87, NULL, NULL, '', '13:47:00', NULL),
(2603, 216, 69, NULL, NULL, '07:55:00', '', NULL),
(2604, 216, 70, NULL, NULL, '10:15:00', '10:00:00', NULL),
(2605, 216, 71, NULL, NULL, '12:54:00', '12:24:00', NULL),
(2606, 216, 72, NULL, NULL, '13:46:00', '13:39:00', NULL),
(2607, 216, 75, NULL, NULL, NULL, NULL, 1),
(2608, 216, 76, NULL, NULL, NULL, NULL, 1),
(2609, 216, 77, NULL, NULL, NULL, NULL, 1),
(2610, 216, 78, NULL, NULL, NULL, NULL, 1),
(2611, 216, 79, NULL, NULL, NULL, NULL, 1),
(2612, 216, 80, NULL, NULL, NULL, NULL, 1),
(2613, 216, 87, NULL, NULL, '', '15:19:00', NULL);

-- --------------------------------------------------------

--
-- Table structure for table `settings`
--

CREATE TABLE `settings` (
  `setting_id` mediumint(8) UNSIGNED NOT NULL,
  `code` varchar(255) NOT NULL,
  `name` varchar(255) DEFAULT NULL,
  `value` text
) ENGINE=InnoDB DEFAULT CHARSET=latin1;

-- --------------------------------------------------------

--
-- Table structure for table `teams`
--

CREATE TABLE `teams` (
  `team_id` mediumint(8) UNSIGNED NOT NULL,
  `team_name` varchar(255) DEFAULT NULL,
  `club_id` mediumint(8) UNSIGNED DEFAULT NULL,
  `category_id` mediumint(8) UNSIGNED DEFAULT NULL
) ENGINE=InnoDB DEFAULT CHARSET=latin1;

--
-- Dumping data for table `teams`
--

INSERT INTO `teams` (`team_id`, `team_name`, `club_id`, `category_id`) VALUES
(99, 'Alpin Club Pro-Mont 2', 34, 1),
(100, 'Alpin Club Pro-Mont 1', 34, 4),
(101, 'Temerarii Curajosi', 43, 4),
(102, 'Temerarii Indrazneti', 43, 4),
(103, 'Temerarii Incepatori', 43, 1),
(104, 'Pro-Parang', 44, 5),
(105, 'Testoasa Umblareata', 45, 1),
(106, 'Vic-Thor', 46, 1),
(107, 'Hai pe Munte Iasi', 35, 3),
(108, 'Hai pe Munte Iasi', 35, 6),
(109, 'Hai pe Munte Iasi', 35, 5),
(110, 'Hai pe Munte Iasi', 35, 2),
(111, 'Hai pe Munte Iasi - D.E.C.A.T.', 35, 4),
(112, 'Hai pe Munte Iasi - Happy', 35, 4),
(113, 'Hai pe Munte Iasi - Tudor', 35, 1),
(114, 'Hai pe Munte Iasi - Petru', 35, 1),
(115, 'Hai pe Munte Iasi - Rugby Team', 35, 4),
(116, 'Hai pe Munte Iasi - Mara', 35, 1),
(117, 'Cocosul de Munte - Duracell', 40, 2),
(118, 'Cocosul de Munte - Puicutele de munte', 40, 6),
(119, 'Cocosul de Munte - Ficat', 40, 6),
(120, 'Cocosul de Munte - Curinia', 40, 5),
(121, 'Cocosul de Munte - Scorus', 40, 5),
(122, 'Cocosul de Munte 1', 40, 3),
(123, 'Cocosul de Munte - Sange Verde', 40, 3),
(124, 'Cocosul de Munte - Petardele', 40, 4),
(125, 'Cocosul de Munte - Vanatorii', 40, 4),
(126, 'Cocosul de Munte - Rosu Sec', 40, 4),
(127, 'Cocosul de Munte - Dinamik', 40, 4),
(128, 'Cocosul de Munte - Castravetii', 40, 4),
(129, 'Cocosul de Munte - Spice Team', 40, 6),
(130, 'Cocosul de Munte - Alegria', 40, 1),
(131, 'Cocosul de Munte - Cucuietii', 40, 1),
(132, 'Cocosul de Munte - Curajoasele', 40, 1),
(133, 'Arcul Carpatin - elite juniori', 33, 2),
(134, 'Arcul Carpatin - Tiribimbomflax Bacubatibizat', 33, 2),
(135, 'Arcul Carpatin - Zaganii', 33, 4),
(136, 'Arcul Carpatin - RobAdy', 33, 3),
(137, 'Arcul Carpatin', 33, 3),
(138, 'Arcul Carpatin - Arcul terorist', 33, 1),
(139, 'Arcul Carpatin - Pletosii muntilor', 33, 4),
(140, 'Arcul Carpatin - Cactusii', 33, 4),
(141, 'Arcul Carpatin - Mosii', 33, 5),
(142, 'Arcul Carpatin - Tinerii', 33, 5),
(143, 'Arcul Carpatin - Arcul pacifist', 33, 1),
(144, 'Arcul Carpatin - Cristi si fetele', 33, 4),
(145, 'Arcul Carpatin - M&C', 33, 4),
(146, 'Arcul Carpatin - Clanul sportivilor', 33, 4),
(147, 'Montan club Floarea Reginei 1', 37, 4),
(148, 'Montan club Floarea Reginei 2', 37, 4),
(149, 'Montan club Floarea Reginei 3', 37, 2),
(150, 'Montan club Floarea Reginei 4', 37, 1),
(151, 'Montan club Floarea Reginei 5', 37, 5),
(152, 'Jnepenii Dulci', 47, 4),
(153, 'Jnepenii Jnepenasi', 47, 1),
(154, 'Jnepenii cu 12 ciori', 47, 3),
(155, 'Jnepenii cu Gesy', 47, 4),
(156, 'Jnepenii lu\'Vladi', 47, 1),
(157, 'Gaska din Buila', 32, 4),
(158, 'Buila Vanturarita', 32, 4),
(159, 'Proilavia 1', 48, 1),
(160, 'Marmotele Mahmure', 39, 6),
(161, 'Marmotele Mahmure', 39, 1),
(162, 'Marmotele Mahmure', 39, 4),
(163, 'Marmotele Mahmure', 39, 3),
(164, 'Cercetasii Romaniei Baden Powel - Cercetasii Voiosi', 41, 1),
(165, 'Cercetasii Romaniei Baden Powel - Vanatorii de Munte', 41, 1),
(166, 'Cercetasii Romaniei Baden Powel - Lupii de argint', 41, 2),
(167, 'Cercetasii Romaniei Baden Powel - Dali', 41, 6),
(168, 'Cercetasii Romaniei Baden Powel - Coltul lupului', 41, 4),
(169, 'Cercetasii Romaniei Baden Powel - Surviver', 41, 4),
(170, 'Sirenele Mecanturiste', 36, 6),
(171, 'Fetele Dunarii Mecanturiste', 36, 5),
(172, 'Danubius', 36, 3),
(173, 'Mecanturistele vesele', 36, 4),
(174, 'Arcul Carpatin - RobAdy 2', 33, 4),
(175, 'Zimbrii nordici', 38, 2),
(176, 'Zimbrii overkill', 38, 2),
(177, 'Zimbrii mafioti', 38, 2),
(178, 'Zimbrii mioveni-flash', 38, 4),
(179, 'Zimbrii zburatori', 38, 3),
(180, 'Zimbru old-style', 38, 5),
(181, 'Zimbrii dacici', 38, 6),
(182, 'Zimbrii elite', 38, 3),
(183, 'Zimbrii strong', 38, 1),
(184, 'Vulturii intunericului', 38, 1),
(185, 'Zimbrii cutezatori', 38, 1),
(186, 'Zimbrii norocosi', 38, 4),
(187, 'Zimbrii Constanta', 38, 2),
(188, 'Stan si Bran and C.O.', 49, 4),
(189, 'Ingerii lui George', 49, 4),
(190, 'Ciresarii A.R.A.', 49, 4),
(191, 'Alpin club Carpatic Bucuresti', 50, 1),
(192, 'Nordic Light', 51, 1),
(193, 'Sagetuta singuratica', 52, 4),
(194, 'Soimii incepatori', 42, 1),
(195, 'Soimii viitorului', 42, 1),
(196, 'Sperantele soimilor', 42, 2),
(197, 'Pestisorii aurii', 42, 1),
(198, 'Soimii muntomani', 42, 2),
(199, 'Soimii optimisti', 42, 4),
(200, 'Sasha', 42, 1),
(201, 'Soimii curajosi', 42, 1),
(202, 'Capu\'n nori', 42, 6),
(203, 'Soimitele vesele', 42, 6),
(204, 'Soimii dunareni - iubire', 42, 5),
(205, 'Cristi, mai incet!', 42, 4),
(206, 'Talpa iute', 42, 3),
(207, 'Soimii cei mai tari', 42, 1),
(208, 'Pro-bike', 42, 1),
(209, 'The devil made me do it', 53, 4),
(210, 'Ia si Urca 1', 54, 6),
(211, 'Ia si Urca 2', 54, 3),
(212, 'Ia si Urca 3', 54, 4),
(213, 'Testoasele', 55, 4),
(214, 'Animalii Preistorici', 56, 4),
(215, 'Q-Turistii', 57, 4),
(216, 'Patriots', 58, 4);

--
-- Indexes for dumped tables
--

--
-- Indexes for table `categories`
--
ALTER TABLE `categories`
  ADD PRIMARY KEY (`category_id`);

--
-- Indexes for table `category_challenges`
--
ALTER TABLE `category_challenges`
  ADD PRIMARY KEY (`category_challenge_id`),
  ADD KEY `fk_category_challenges_categories_1` (`category_id`),
  ADD KEY `fk_category_challenges_challenges_1` (`challenge_id`);

--
-- Indexes for table `challenges`
--
ALTER TABLE `challenges`
  ADD PRIMARY KEY (`challenge_id`);

--
-- Indexes for table `challenge_stations`
--
ALTER TABLE `challenge_stations`
  ADD PRIMARY KEY (`station_id`),
  ADD KEY `fk_challenge_raid_stations_category_challenges_1` (`category_challenge_id`);

--
-- Indexes for table `climbing`
--
ALTER TABLE `climbing`
  ADD PRIMARY KEY (`climbing_id`);

--
-- Indexes for table `clubs`
--
ALTER TABLE `clubs`
  ADD PRIMARY KEY (`club_id`);

--
-- Indexes for table `cultural`
--
ALTER TABLE `cultural`
  ADD PRIMARY KEY (`cultural_id`);

--
-- Indexes for table `knowledge`
--
ALTER TABLE `knowledge`
  ADD PRIMARY KEY (`knowledge_id`);

--
-- Indexes for table `organizer`
--
ALTER TABLE `organizer`
  ADD PRIMARY KEY (`id_organizer`);

--
-- Indexes for table `orienteering`
--
ALTER TABLE `orienteering`
  ADD PRIMARY KEY (`orienteering_id`);

--
-- Indexes for table `participations`
--
ALTER TABLE `participations`
  ADD PRIMARY KEY (`participation_id`),
  ADD KEY `fk_challenge_participation_teams_1` (`team_id`),
  ADD KEY `fk_challenge_participation_category_challenges_1` (`category_challenge_id`);

--
-- Indexes for table `participation_entries`
--
ALTER TABLE `participation_entries`
  ADD PRIMARY KEY (`entry_id`),
  ADD KEY `fk_participation_entries_participations_1` (`participation_id`),
  ADD KEY `fk_participation_entries_challenge_stations_1` (`station_id`);

--
-- Indexes for table `settings`
--
ALTER TABLE `settings`
  ADD PRIMARY KEY (`setting_id`,`code`);

--
-- Indexes for table `teams`
--
ALTER TABLE `teams`
  ADD PRIMARY KEY (`team_id`),
  ADD KEY `fk_teams_clubs_1` (`club_id`),
  ADD KEY `fk_teams_categories_1` (`category_id`);

--
-- AUTO_INCREMENT for dumped tables
--

--
-- AUTO_INCREMENT for table `categories`
--
ALTER TABLE `categories`
  MODIFY `category_id` mediumint(8) UNSIGNED NOT NULL AUTO_INCREMENT, AUTO_INCREMENT=7;
--
-- AUTO_INCREMENT for table `category_challenges`
--
ALTER TABLE `category_challenges`
  MODIFY `category_challenge_id` mediumint(8) UNSIGNED NOT NULL AUTO_INCREMENT, AUTO_INCREMENT=7;
--
-- AUTO_INCREMENT for table `challenges`
--
ALTER TABLE `challenges`
  MODIFY `challenge_id` mediumint(8) UNSIGNED NOT NULL AUTO_INCREMENT, AUTO_INCREMENT=5;
--
-- AUTO_INCREMENT for table `challenge_stations`
--
ALTER TABLE `challenge_stations`
  MODIFY `station_id` mediumint(8) UNSIGNED NOT NULL AUTO_INCREMENT, AUTO_INCREMENT=100;
--
-- AUTO_INCREMENT for table `climbing`
--
ALTER TABLE `climbing`
  MODIFY `climbing_id` int(8) NOT NULL AUTO_INCREMENT, AUTO_INCREMENT=119;
--
-- AUTO_INCREMENT for table `clubs`
--
ALTER TABLE `clubs`
  MODIFY `club_id` mediumint(8) UNSIGNED NOT NULL AUTO_INCREMENT, AUTO_INCREMENT=59;
--
-- AUTO_INCREMENT for table `cultural`
--
ALTER TABLE `cultural`
  MODIFY `cultural_id` int(8) NOT NULL AUTO_INCREMENT;
--
-- AUTO_INCREMENT for table `knowledge`
--
ALTER TABLE `knowledge`
  MODIFY `knowledge_id` int(8) NOT NULL AUTO_INCREMENT, AUTO_INCREMENT=217;
--
-- AUTO_INCREMENT for table `organizer`
--
ALTER TABLE `organizer`
  MODIFY `id_organizer` int(1) NOT NULL AUTO_INCREMENT, AUTO_INCREMENT=2;
--
-- AUTO_INCREMENT for table `orienteering`
--
ALTER TABLE `orienteering`
  MODIFY `orienteering_id` int(8) NOT NULL AUTO_INCREMENT, AUTO_INCREMENT=204;
--
-- AUTO_INCREMENT for table `participations`
--
ALTER TABLE `participations`
  MODIFY `participation_id` mediumint(8) UNSIGNED NOT NULL AUTO_INCREMENT, AUTO_INCREMENT=217;
--
-- AUTO_INCREMENT for table `participation_entries`
--
ALTER TABLE `participation_entries`
  MODIFY `entry_id` mediumint(8) UNSIGNED NOT NULL AUTO_INCREMENT, AUTO_INCREMENT=2614;
--
-- AUTO_INCREMENT for table `settings`
--
ALTER TABLE `settings`
  MODIFY `setting_id` mediumint(8) UNSIGNED NOT NULL AUTO_INCREMENT;
--
-- AUTO_INCREMENT for table `teams`
--
ALTER TABLE `teams`
  MODIFY `team_id` mediumint(8) UNSIGNED NOT NULL AUTO_INCREMENT, AUTO_INCREMENT=217;
--
-- Constraints for dumped tables
--

--
-- Constraints for table `category_challenges`
--
ALTER TABLE `category_challenges`
  ADD CONSTRAINT `fk_category_challenges_categories_1` FOREIGN KEY (`category_id`) REFERENCES `categories` (`category_id`),
  ADD CONSTRAINT `fk_category_challenges_challenges_1` FOREIGN KEY (`challenge_id`) REFERENCES `challenges` (`challenge_id`);

/*!40101 SET CHARACTER_SET_CLIENT=@OLD_CHARACTER_SET_CLIENT */;
/*!40101 SET CHARACTER_SET_RESULTS=@OLD_CHARACTER_SET_RESULTS */;
/*!40101 SET COLLATION_CONNECTION=@OLD_COLLATION_CONNECTION */;
